,Year,Basin,Streamflow,AMO,SOI,NAO,PDO,SNOTEL_SWE_M_0,SNOTEL_SWE_A_0,SNOTEL_PA_M_0,SNOTEL_PA_A_0,SNOTEL_SWE_M_1,SNOTEL_SWE_A_1,SNOTEL_PA_M_1,SNOTEL_PA_A_1,SNOTEL_SWE_M_2,SNOTEL_SWE_A_2,SNOTEL_PA_M_2,SNOTEL_PA_A_2,SNOTEL_SWE_M_3,SNOTEL_SWE_A_3,SNOTEL_PA_M_3,SNOTEL_PA_A_3,SNOTEL_SWE_M_4,SNOTEL_SWE_A_4,SNOTEL_PA_M_4,SNOTEL_PA_A_4,SNOTEL_SWE_M_5,SNOTEL_SWE_A_5,SNOTEL_PA_M_5,SNOTEL_PA_A_5,SNOTEL_SWE_M_6,SNOTEL_SWE_A_6,SNOTEL_PA_M_6,SNOTEL_PA_A_6,SNOTEL_SWE_M_7,SNOTEL_SWE_A_7,SNOTEL_PA_M_7,SNOTEL_PA_A_7,SNOTEL_SWE_M_8,SNOTEL_SWE_A_8,SNOTEL_PA_M_8,SNOTEL_PA_A_8,SPFH_mean,TMP_mean,UGRD_mean,VGRD_mean,WIND_mean
0,1981,animas,1023.08,-0.154666667,-0.25,-1.08,0.94,1.6,3.9,7.4,12.0,6.7,11.2,7.4,12.0,7.2,10.9,7.9,12.0,8.2,11.6,9.5,14.0,4.7,8.3,6.2,10.1,10.7,16.4,12.1,18.2,4.5,7.8,5.1,7.9,0.0,0.0,0.0,0.0,0.0,0.0,0.0,0.0,0.002422389405017549,271.067900686553,2.0642424207745176,0.06409091118610265,2.0652371332662276
1,1982,animas,1854.8,-0.1025,0.4,-0.88,0.098333333,11.8,17.0,17.3,23.3,12.4,17.6,17.6,22.3,14.0,18.8,17.8,22.6,17.0,22.8,19.3,25.3,12.9,16.1,16.8,22.0,24.0,32.6,24.5,31.5,12.5,15.7,12.5,15.5,0.0,0.0,0.0,0.0,0.0,0.0,0.0,0.0,0.002647469751536846,269.36078065814394,3.148484808025938,1.0321211851004397,3.3133413236645666
2,1983,animas,2322.0,-0.256166667,-2.666666667,1.44,0.468333333,11.9,15.5,16.3,21.0,11.8,18.3,12.5,18.0,13.2,19.3,13.6,18.5,14.8,20.0,15.5,22.3,11.5,18.3,13.2,18.0,17.8,29.3,19.6,28.0,8.8,11.5,7.2,10.2,0.0,0.0,0.0,0.0,0.0,0.0,0.0,0.0,0.0025755271992900157,269.09455640388256,2.1599999341097744,0.5515151276732936,2.229297793343617
3,1984,animas,2290.9,-0.1205,0.2,0.47,1.3,14.2,13.3,20.3,23.3,18.5,23.0,20.5,25.3,17.8,20.0,17.3,20.8,15.8,7.7,20.6,25.1,14.0,18.5,17.0,20.7,25.5,30.5,26.2,30.5,14.0,17.6,14.9,18.6,0.0,0.0,0.0,0.0,0.0,0.0,0.0,0.0,0.0025382970149318376,268.25668057528407,2.745606075633656,-0.058484843282988565,2.7462289051443403
4,1985,animas,2716.75,-0.362666667,0.266666667,0.79,0.41,14.0,17.9,19.0,26.2,11.5,15.3,14.7,19.3,13.4,21.1,15.3,20.3,16.5,23.5,18.3,24.6,13.4,18.5,16.2,20.7,22.5,33.1,22.7,30.2,11.0,15.1,10.4,14.8,0.0,0.0,0.0,0.0,0.0,0.0,0.0,0.0,0.002587289295413277,267.92772697679925,2.391363606308446,1.2527272791573496,2.699619516435883
5,1986,animas,2391.75,-0.306666667,0.016666667,-1.29,0.668333333,15.0,10.5,19.3,21.8,8.2,11.5,13.3,17.1,13.0,16.6,15.8,19.1,16.3,18.3,17.0,20.6,12.4,14.4,15.5,18.5,18.2,21.4,20.5,24.8,13.3,15.2,12.0,13.8,0.0,0.0,0.0,0.0,0.0,0.0,0.0,0.0,0.00278554241539854,270.4775760535038,2.7769697362726387,0.45439393231363007,2.813900275755623
6,1987,animas,2464.0,-0.278166667,-0.866666667,1.28,1.445,16.0,18.3,20.1,24.0,12.2,17.0,16.1,20.0,12.0,15.4,16.3,19.0,17.1,21.8,18.0,22.5,12.8,17.0,16.0,19.1,23.1,31.3,22.3,27.8,15.0,18.6,15.3,18.8,0.0,0.0,0.0,0.0,0.0,0.0,0.0,0.0,0.0026069166928981286,269.1331824100378,1.646212100982666,0.5371212236809008,1.7316216360250964
7,1988,animas,1223.65,-0.034333333,-0.133333333,-1.19,0.623333333,6.9,3.5,16.1,17.0,6.1,8.6,11.4,15.1,8.7,9.1,9.7,10.9,10.8,11.3,11.4,14.5,10.0,10.2,12.3,15.5,16.1,21.3,18.1,22.5,9.4,11.1,8.9,10.6,0.0,0.0,0.0,0.0,0.0,0.0,0.0,0.0,0.0024721272797747092,268.61577074455494,2.324090914292769,-0.04924242288777322,2.324612525585728
8,1989,animas,1204.43,-0.198166667,1.35,0.12,-0.748333333,15.7,8.0,17.8,20.6,14.2,12.5,15.7,18.3,12.1,14.1,9.4,11.8,18.6,17.6,17.6,20.3,15.3,16.0,14.8,17.3,21.8,24.1,20.5,23.6,9.8,11.0,11.0,12.4,0.0,0.0,0.0,0.0,0.0,0.0,0.0,0.0,0.0026088031291058565,269.7727383700284,2.850909088597153,0.7183333165717848,2.940014521246939
9,1990,animas,1195.83,-0.190666667,-0.366666667,2.21,-0.718333333,2.7,2.8,8.5,12.2,6.5,8.3,9.0,12.8,4.6,7.1,6.8,10.5,4.2,7.2,6.9,10.8,5.0,7.1,7.6,11.0,7.3,12.9,12.4,17.8,6.6,8.8,6.0,8.1,0.0,0.0,0.0,0.0,0.0,0.0,0.0,0.0,0.002328790865386977,269.8380385890152,2.503939368508079,0.2406060695648193,2.5154728465789624
10,1991,animas,1457.08,-0.0735,-0.033333333,2.48,-1.543333333,9.5,15.6,13.7,19.8,6.9,13.3,13.0,19.2,9.7,18.3,11.3,16.5,12.2,20.0,13.5,19.9,8.1,14.2,11.8,18.4,12.3,22.2,16.6,24.8,10.0,13.7,9.1,13.0,0.0,0.0,0.0,0.0,0.0,0.0,0.0,0.0,0.0024199333662788076,269.1510675603693,2.535302884650953,0.4549999815044981,2.5758077762303104
11,1992,animas,1621.7,-0.200666667,-1.55,0.95,0.188333333,10.4,10.0,14.0,17.9,9.3,16.6,12.3,17.0,12.1,17.0,11.7,16.6,14.4,18.6,13.1,18.0,9.8,14.8,11.1,14.9,16.6,25.9,18.0,24.1,8.3,11.1,7.1,9.8,0.0,0.0,0.0,0.0,0.0,0.0,0.0,0.0,0.002588018182326447,269.99650804924244,1.7795454661051433,0.04106060302618778,1.7800191119918478
12,1993,animas,2531.5,-0.280666667,-0.8,1.65,0.483333333,25.3,21.7,24.6,26.8,13.6,15.7,15.1,18.4,21.0,24.5,18.4,21.5,23.1,25.6,21.2,24.3,19.7,21.9,19.2,22.3,26.1,32.3,25.0,29.4,10.4,12.4,10.2,12.3,0.0,0.0,0.0,0.0,0.0,0.0,0.0,0.0,0.00265378790032683,269.1051580255682,2.3807576208403614,0.8286363139297025,2.5208421192039103
13,1994,animas,1413.4,-0.3065,-0.25,0.66,0.76,12.9,8.8,14.4,16.5,9.3,12.0,12.5,14.8,9.6,11.5,10.3,12.4,14.4,15.2,14.8,16.9,9.7,11.2,11.0,13.4,16.0,19.3,17.9,21.5,8.0,10.0,7.3,9.5,0.0,0.0,0.0,0.0,0.0,0.0,0.0,0.0,0.00235787420674707,269.3592566287879,2.6312120900009615,0.19484849409623584,2.638416759766887
14,1995,animas,2518.75,-0.059833333,-0.433333333,1.33,-0.931666667,9.4,13.2,18.4,24.4,13.7,17.0,15.7,20.7,13.5,19.9,14.3,20.8,16.9,24.2,15.4,24.0,16.1,21.1,17.8,23.0,21.0,28.6,21.7,28.8,12.4,15.5,11.8,15.3,0.0,0.0,0.0,0.0,0.0,0.0,0.0,0.0,0.0027193499616149698,269.90348677201706,2.4015150937167085,1.412121214649894,2.7859219425916195
15,1996,animas,1116.58,0.010666667,0.316666667,-0.79,0.666666667,11.6,10.9,12.1,14.4,12.7,15.5,15.7,18.6,12.3,15.0,12.6,14.9,12.4,13.8,13.0,15.3,12.7,15.1,12.6,15.5,19.1,25.6,20.5,24.5,12.1,14.1,11.0,12.4,0.0,0.0,0.0,0.0,0.0,0.0,0.0,0.0,0.0024105318342194414,270.1437914299242,3.322424310626406,-0.20469695871526547,3.3287241016264217
16,1997,animas,2477.63,-0.117333333,0.533333333,-1.08,0.311666667,21.1,10.1,24.3,26.5,21.7,20.9,23.1,24.6,19.5,21.3,23.0,25.0,27.5,27.7,25.9,28.3,19.3,19.4,22.2,23.1,27.2,28.0,30.5,32.6,16.7,18.0,17.3,17.8,0.0,0.0,0.0,0.0,0.0,0.0,0.0,0.0,0.0025402166683113937,268.4312189275568,2.373030301296349,0.5162121220068498,2.428527900967468
17,1998,animas,1533.15,0.161,-1.8,0.02,1.351666667,8.9,9.7,12.4,19.1,8.4,13.4,14.6,20.0,9.8,13.4,10.6,14.0,14.1,17.9,14.7,19.8,8.6,13.6,12.5,16.9,14.1,21.1,18.9,24.9,10.4,14.1,10.4,14.4,0.0,0.0,0.0,0.0,0.0,0.0,0.0,0.0,0.0025607000359080053,268.29411177201706,2.2824242620757134,0.1281818061163931,2.2860207977031015
18,1999,animas,2013.98,0.173833333,1.266666667,-0.27,-1.218333333,8.4,0.0,16.7,17.3,9.0,9.1,15.1,17.1,8.8,7.2,12.3,13.3,12.7,5.8,15.5,16.6,11.1,9.4,14.4,15.6,17.1,18.3,20.9,22.7,11.4,13.2,12.0,13.7,0.0,0.0,0.0,0.0,0.0,0.0,0.0,0.0,0.0025830317401524744,270.0038100733902,2.2922727266947427,0.9012121359507242,2.46306669977356
19,2000,animas,1157.83,-0.0245,1.183333333,0.57,-1.796666667,6.3,12.2,8.8,14.4,8.8,14.1,10.1,16.1,10.5,16.2,8.6,13.4,11.2,14.3,11.5,16.2,8.8,14.9,8.6,14.0,13.9,22.1,14.7,22.8,6.8,13.3,7.0,13.7,0.0,0.0,0.0,0.0,0.0,0.0,0.0,0.0,0.0023311166882966504,270.53757916074807,2.1634848334572534,0.12500000180620138,2.167092897189945
20,2001,animas,1737.03,-0.079,1.216666667,0.65,-0.431666667,13.9,9.5,18.5,21.0,8.9,9.6,13.6,16.0,11.6,12.7,12.2,15.0,12.5,14.5,13.2,15.5,12.1,13.4,14.3,16.6,16.8,19.9,20.6,24.5,13.1,15.6,12.5,14.9,0.0,0.0,0.0,0.0,0.0,0.0,0.0,0.0,0.0025100939145142383,268.0315200343276,1.7686363422509395,0.4850000233361216,1.833930078756227
21,2002,animas,344.25,0.166,0.2,-0.57,-1.246666667,5.0,0.2,7.8,9.5,7.1,6.1,9.8,11.9,6.2,5.9,7.3,8.3,8.4,7.4,9.6,12.2,7.0,7.6,7.7,9.4,12.1,14.6,14.2,16.8,6.2,7.7,5.7,7.3,0.0,0.0,0.0,0.0,0.0,0.0,0.0,0.0,0.002313016631612272,268.69954427083337,2.5030303434892134,-0.06409091118610268,2.503850743419902
22,2003,animas,999.3,0.028166667,-0.533333333,0.33,1.023333333,7.3,7.3,14.1,16.6,8.0,11.4,11.8,15.3,11.2,12.7,12.0,14.8,12.2,14.7,15.5,19.0,10.4,11.6,11.9,13.8,14.7,17.5,16.8,20.4,7.4,11.2,8.1,10.8,0.0,0.0,0.0,0.0,0.0,0.0,0.0,0.0,0.002549342500666777,268.8272742069129,2.3063635970606953,-0.18363635829000757,2.3136627571737343
23,2004,animas,1498.18,0.2225,0.183333333,0.31,-0.166666667,15.3,3.1,17.8,18.3,11.9,11.0,14.9,16.4,13.2,12.7,9.9,11.3,15.1,10.2,16.7,17.7,13.4,14.1,15.0,16.5,20.4,21.1,20.7,22.7,9.3,11.1,9.3,10.6,0.0,0.0,0.0,0.0,0.0,0.0,0.0,0.0,0.002546063708988103,269.6334894353693,2.160757599454938,0.5107575365991303,2.220303282165542
24,2005,animas,2607.5,0.175333333,-0.683333333,0.12,-0.34,20.3,16.9,24.4,27.9,12.1,16.8,15.5,19.5,16.1,18.7,16.7,18.8,16.8,19.9,18.5,21.7,17.0,20.3,17.9,21.0,23.1,28.1,24.3,26.3,15.2,16.6,14.1,15.5,0.0,0.0,0.0,0.0,0.0,0.0,0.0,0.0,0.002843053023697752,269.29302793560606,1.536666685433099,0.8595454837336686,1.7607279576149442
25,2006,animas,1232.58,0.122166667,0.766666667,-0.7,-0.635,4.9,9.1,10.5,16.9,8.7,14.7,14.7,19.3,8.1,13.0,10.6,13.2,8.5,13.0,12.6,17.4,8.9,13.5,11.2,15.3,14.8,22.4,18.8,25.9,9.5,13.4,10.0,13.4,0.0,0.0,0.0,0.0,0.0,0.0,0.0,0.0,0.002584886313839392,269.2365167791193,2.731818199157715,0.4184848458477945,2.763685987852736
26,2007,animas,1568.83,0.198166667,-0.366666667,-0.24,-0.698333333,9.8,0.3,18.0,20.2,10.2,9.3,16.6,19.0,11.0,10.5,12.7,14.6,14.1,13.2,17.4,20.4,10.8,11.9,13.7,16.0,17.4,19.0,21.1,24.3,11.1,12.9,11.5,13.4,0.0,0.0,0.0,0.0,0.0,0.0,0.0,0.0,0.0026074136240464268,269.11955122514206,2.0549999583851206,0.1472727249969136,2.0602703911115317
27,2008,animas,2125.0,0.106833333,1.516666667,0.56,-1.48,23.4,17.7,24.4,24.9,14.9,16.0,21.1,23.3,21.0,22.1,17.2,18.0,20.5,20.7,22.0,24.0,18.6,20.1,21.7,23.0,27.9,30.5,30.3,33.1,15.4,17.3,14.9,16.8,0.0,0.0,0.0,0.0,0.0,0.0,0.0,0.0,0.0023887561013301215,268.25212328361744,2.716666626207756,0.4480303173715418,2.7533631658818774
28,2009,animas,1679.73,-0.063833333,1.233333333,0.13,-1.741666667,13.8,7.2,18.4,19.9,12.1,13.9,16.6,19.3,16.5,17.8,14.5,15.8,16.6,17.0,17.0,19.3,13.8,14.7,14.6,16.1,19.8,23.2,23.0,25.8,10.0,12.0,10.0,12.0,0.0,0.0,0.0,0.0,0.0,0.0,0.0,0.0,0.0024670120893102703,269.73166725852275,2.6734848889437592,0.5256060831474535,2.724662035198537
29,2010,animas,1339.05,0.116333333,-0.966666667,-0.74,-0.24,15.0,15.3,17.1,19.1,10.4,15.3,13.6,19.2,13.5,16.2,10.9,12.7,14.9,18.8,15.9,19.9,11.6,14.8,13.8,16.4,17.1,22.7,20.0,25.2,10.5,13.7,9.8,13.0,0.0,0.0,0.0,0.0,0.0,0.0,0.0,0.0,0.0022544393767461634,267.7100090258049,1.9856060779455937,0.11409091407602483,1.9888811511624285
30,2011,animas,1793.7,0.158166667,2.233333333,-3.61,-1.625,14.2,8.0,17.3,19.0,12.9,14.5,16.3,19.1,11.6,13.2,11.1,12.7,12.5,13.4,14.6,17.6,13.2,15.2,16.4,18.4,21.0,24.1,24.4,28.2,12.1,14.0,11.8,13.7,0.0,0.0,0.0,0.0,0.0,0.0,0.0,0.0,0.002503577337572069,269.0253055456913,2.7740909692012905,0.3125757665345163,2.7916454494130867
31,2012,animas,945.73,-0.035666667,1.116666667,1.14,-2.021666667,12.2,0.1,17.2,18.2,9.6,8.5,13.8,15.8,10.7,7.1,11.7,12.3,12.9,7.5,16.3,17.7,10.9,9.1,14.0,15.2,15.5,15.8,19.6,21.9,10.5,11.7,10.6,12.1,0.0,0.0,0.0,0.0,0.0,0.0,0.0,0.0,0.0023770954629237,268.97410259824807,1.9407576069687353,0.19560605106931747,1.950590119994958
32,2013,animas,730.75,0.151666667,0.2,-0.49,-1.198333333,10.2,6.6,11.6,13.5,8.2,9.3,9.8,12.1,8.7,10.4,8.4,10.3,11.7,11.2,12.4,14.3,9.5,11.0,9.5,11.2,14.5,17.0,15.3,18.1,7.3,8.8,7.5,9.0,0.0,0.0,0.0,0.0,0.0,0.0,0.0,0.0,0.002208540893413804,269.05971457741475,2.5181818008422856,-0.09727272120389069,2.5200598334927897
33,2014,animas,1493.38,0.032833333,0.216666667,-0.16,-0.745,9.2,6.7,14.2,16.1,10.8,12.6,14.5,17.5,13.1,15.5,12.9,15.2,11.9,13.1,14.2,16.6,13.5,16.6,13.1,17.1,18.2,22.4,20.3,24.2,12.4,13.9,12.4,13.7,0.0,0.0,0.0,0.0,0.0,0.0,0.0,0.0,0.002496063596371448,269.20757871685606,2.781666697877826,-0.17727270993319424,2.787309676331209
34,2015,animas,1827.6,0.023833333,-0.566666667,0.53,1.5,5.0,0.0,12.1,13.7,11.6,9.8,14.3,15.8,11.8,10.0,11.1,12.5,10.6,6.8,10.4,12.2,10.5,10.5,11.0,13.1,15.8,17.3,19.2,21.6,10.6,11.8,11.1,12.7,0.0,0.0,0.0,0.0,0.0,0.0,0.0,0.0,0.0028180804555163245,271.0898622455019,1.8821212233919085,-0.13712120801210403,1.8871095689516686
35,2016,animas,1553.8,0.196833333,-1.183333333,1.93,0.815,10.7,4.3,18.2,19.6,12.9,15.0,16.5,19.9,13.7,15.1,14.6,16.1,14.3,15.1,17.2,19.7,11.7,14.8,14.6,17.1,15.7,20.0,22.8,27.2,12.2,14.3,11.8,13.9,0.0,0.0,0.0,0.0,0.0,0.0,0.0,0.0,0.002657749944112518,269.38667436079544,2.1507576162164863,0.3306060632069905,2.1760190010067575
36,2017,animas,1871.75,0.265166667,0.15,0.41,0.196666667,18.2,9.9,20.5,22.9,15.5,16.3,17.1,21.1,21.3,21.1,16.7,18.8,21.3,19.1,20.6,23.0,16.8,17.5,15.8,18.1,22.1,26.6,23.4,28.1,13.9,14.8,13.2,15.6,0.0,0.0,0.0,0.0,0.0,0.0,0.0,0.0,0.0029151529694596925,270.20090923887307,2.578181830319491,1.2492423852284749,2.8648958248496386
37,2018,animas,478.13,0.23,0.633333333,0.37,-0.281666667,4.5,0.0,7.6,8.5,7.6,8.2,9.5,11.3,7.3,8.0,5.9,6.9,7.5,8.4,8.7,11.1,7.0,8.1,6.7,7.8,12.0,14.1,12.0,14.6,7.2,8.1,7.1,7.9,0.0,0.0,0.0,0.0,0.0,0.0,0.0,0.0,0.002455690903871349,271.46833200165725,2.888030283378832,0.7068181760383375,2.973266024373093
38,2019,animas,2773.75,0.0025,-0.066666667,0.74,-0.486666667,15.9,23.9,18.9,26.2,11.6,18.9,15.3,22.5,14.1,22.1,12.9,18.1,15.2,22.9,16.9,25.5,14.9,22.9,15.9,23.2,22.8,33.0,22.6,32.3,13.9,21.1,13.1,20.4,0.0,0.0,0.0,0.0,0.0,0.0,0.0,0.0,0.002616375769403848,268.72486091382575,2.166060534390536,1.161666646148219,2.4579030972390807
39,2020,animas,1093.13,0.186166667,-0.3,-0.65,-1.005,11.4,11.4,12.2,16.1,10.5,12.6,12.2,15.0,11.7,16.7,11.0,14.9,9.9,13.3,9.5,13.5,11.2,15.0,11.3,15.0,18.4,23.6,18.6,23.7,11.8,14.7,9.8,12.1,0.0,0.0,0.0,0.0,0.0,0.0,0.0,0.0,0.0023258757410627422,269.00363991477275,2.335606083725438,0.7269697008710919,2.446127699920812
40,1981,crystal,430.45,-0.154666667,-0.25,-1.08,0.94,3.0,6.7,6.0,9.5,4.8,7.9,5.5,8.4,6.2,10.9,6.9,11.6,7.4,12.6,11.1,15.9,0.0,0.0,0.0,0.0,0.0,0.0,0.0,0.0,0.0,0.0,0.0,0.0,0.0,0.0,0.0,0.0,0.0,0.0,0.0,0.0,0.0027105333283543587,271.8108418782552,1.5991666217645009,1.3591667016347249,2.098730093889708
41,1982,crystal,803.625,-0.1025,0.4,-0.88,0.098333333,9.3,12.2,12.6,15.4,13.1,19.1,13.8,18.8,15.5,19.3,16.3,20.6,12.9,20.3,19.1,24.3,0.0,0.0,0.0,0.0,0.0,0.0,0.0,0.0,0.0,0.0,0.0,0.0,0.0,0.0,0.0,0.0,0.0,0.0,0.0,0.0,0.0028828500459591546,269.90667215983075,2.243333379427592,2.4358333150545755,3.311469249439557
42,1983,crystal,980.475,-0.256166667,-2.666666667,1.44,0.468333333,4.2,8.5,7.8,11.9,10.6,14.5,9.9,13.9,10.8,16.6,11.6,17.6,16.8,22.6,14.8,20.5,0.0,0.0,0.0,0.0,0.0,0.0,0.0,0.0,0.0,0.0,0.0,0.0,0.0,0.0,0.0,0.0,0.0,0.0,0.0,0.0,0.002772083350767692,269.8216807047526,1.728333334128062,1.5241666436195374,2.3043914752881443
43,1984,crystal,1071.775,-0.1205,0.2,0.47,1.3,12.9,14.8,12.9,16.0,18.5,22.0,17.8,21.1,17.3,21.3,19.1,23.6,19.8,26.3,19.1,24.3,0.0,0.0,0.0,0.0,0.0,0.0,0.0,0.0,0.0,0.0,0.0,0.0,0.0,0.0,0.0,0.0,0.0,0.0,0.0,0.0,0.0027476498701920113,268.79168192545575,1.6541666487852733,1.3499999394019444,2.1351269607071974
44,1985,crystal,1029.275,-0.362666667,0.266666667,0.79,0.41,8.0,10.7,10.0,14.2,13.2,19.0,13.4,18.6,12.1,17.8,14.1,19.3,17.8,23.8,18.6,24.6,0.0,0.0,0.0,0.0,0.0,0.0,0.0,0.0,0.0,0.0,0.0,0.0,0.0,0.0,0.0,0.0,0.0,0.0,0.0,0.0,0.0026936000213027,268.5416666666667,1.8983333110809326,1.950000027815501,2.721427836346199
45,1986,crystal,1035.1,-0.306666667,0.016666667,-1.29,0.668333333,8.9,8.4,11.5,13.6,19.8,23.3,18.1,20.0,16.1,16.5,16.1,19.1,15.8,14.8,19.3,22.8,0.0,0.0,0.0,0.0,0.0,0.0,0.0,0.0,0.0,0.0,0.0,0.0,0.0,0.0,0.0,0.0,0.0,0.0,0.0,0.0,0.0029859166437139115,271.3108317057292,2.2083332737286887,2.0383333365122476,3.0052518427902877
46,1987,crystal,640.875,-0.278166667,-0.866666667,1.28,1.445,6.7,9.0,10.0,12.5,11.8,15.4,12.4,15.1,11.8,15.8,12.9,16.6,11.0,14.2,15.1,17.8,0.0,0.0,0.0,0.0,0.0,0.0,0.0,0.0,0.0,0.0,0.0,0.0,0.0,0.0,0.0,0.0,0.0,0.0,0.0,0.0,0.0027777166881908975,269.8641764322917,1.1791666746139526,1.0433333615461986,1.5744772306500394
47,1988,crystal,525.625,-0.034333333,-0.133333333,-1.19,0.623333333,7.0,9.2,8.5,11.4,9.5,11.1,11.9,13.7,10.6,13.8,11.0,14.1,11.6,14.3,14.1,16.8,0.0,0.0,0.0,0.0,0.0,0.0,0.0,0.0,0.0,0.0,0.0,0.0,0.0,0.0,0.0,0.0,0.0,0.0,0.0,0.0,0.00261331667813162,269.1650085449219,1.48499995470047,1.380000005165736,2.027220974565385
48,1989,crystal,558.85,-0.198166667,1.35,0.12,-0.748333333,8.0,8.7,9.9,11.7,11.4,13.1,12.4,14.8,12.9,14.5,13.5,16.1,13.5,17.8,15.3,19.3,0.0,0.0,0.0,0.0,0.0,0.0,0.0,0.0,0.0,0.0,0.0,0.0,0.0,0.0,0.0,0.0,0.0,0.0,0.0,0.0,0.002748883309929321,269.71917215983075,1.915833334128062,2.006666660308838,2.774369919414365
49,1990,crystal,462.4,-0.190666667,-0.366666667,2.21,-0.718333333,6.1,8.4,8.0,10.8,5.7,7.3,7.6,9.2,9.9,13.4,11.4,15.3,7.8,9.8,10.6,14.3,0.0,0.0,0.0,0.0,0.0,0.0,0.0,0.0,0.0,0.0,0.0,0.0,0.0,0.0,0.0,0.0,0.0,0.0,0.0,0.0,0.002629633372028669,270.39666748046875,2.0049999952316284,1.5950000484784443,2.5620402290996664
50,1991,crystal,663.65,-0.0735,-0.033333333,2.48,-1.543333333,5.1,10.1,8.6,13.1,6.9,12.4,9.8,15.0,9.7,16.2,11.6,17.6,10.3,15.9,14.3,20.1,0.0,0.0,0.0,0.0,0.0,0.0,0.0,0.0,0.0,0.0,0.0,0.0,0.0,0.0,0.0,0.0,0.0,0.0,0.0,0.0,0.0025669999692278602,269.3733367919922,1.6841667393843334,1.9425000150998433,2.5709383335100338
51,1992,crystal,531.425,-0.200666667,-1.55,0.95,0.188333333,6.2,8.6,8.5,11.1,8.7,11.7,9.7,12.8,10.5,14.0,10.9,14.8,10.4,16.0,13.4,18.3,0.0,0.0,0.0,0.0,0.0,0.0,0.0,0.0,0.0,0.0,0.0,0.0,0.0,0.0,0.0,0.0,0.0,0.0,0.0,0.0,0.0027492500569981835,270.6441650390625,1.3691666821638744,1.21833332379659,1.8327447971337631
52,1993,crystal,1092.025,-0.280666667,-0.8,1.65,0.483333333,9.6,13.4,11.1,14.8,20.0,24.0,18.2,21.3,15.1,19.7,15.5,20.5,24.1,27.4,24.3,28.6,0.0,0.0,0.0,0.0,0.0,0.0,0.0,0.0,0.0,0.0,0.0,0.0,0.0,0.0,0.0,0.0,0.0,0.0,0.0,0.0,0.002813266667847832,269.5258280436198,1.6958333055178325,1.896666685740153,2.544247455909129
53,1994,crystal,603.575,-0.3065,-0.25,0.66,0.76,8.7,9.3,10.1,11.7,9.9,11.8,12.8,14.7,13.7,15.8,14.7,16.5,13.0,13.1,16.6,18.5,0.0,0.0,0.0,0.0,0.0,0.0,0.0,0.0,0.0,0.0,0.0,0.0,0.0,0.0,0.0,0.0,0.0,0.0,0.0,0.0,0.0026375166683768234,269.6366780598958,1.8066666920979817,1.7733333508173625,2.5315520357001153
54,1995,crystal,1038.25,-0.059833333,-0.433333333,1.33,-0.931666667,9.1,13.2,11.5,15.6,14.6,20.6,16.0,20.7,15.0,18.7,15.5,20.9,17.2,24.8,19.2,26.7,0.0,0.0,0.0,0.0,0.0,0.0,0.0,0.0,0.0,0.0,0.0,0.0,0.0,0.0,0.0,0.0,0.0,0.0,0.0,0.0,0.0029023333142201104,270.2533315022786,1.6791666845480602,2.434166590372721,2.957155346643609
55,1996,crystal,670.925,0.010666667,0.316666667,-0.79,0.666666667,12.8,15.2,14.5,17.1,17.5,21.0,17.2,19.8,17.1,21.0,18.0,22.0,12.4,14.3,15.7,18.6,0.0,0.0,0.0,0.0,0.0,0.0,0.0,0.0,0.0,0.0,0.0,0.0,0.0,0.0,0.0,0.0,0.0,0.0,0.0,0.0,0.002743266678104798,270.37583414713544,2.25,1.924999992052714,2.961101985647058
56,1997,crystal,912.45,-0.117333333,0.533333333,-1.08,0.311666667,12.3,12.6,13.4,15.0,17.8,19.1,19.5,20.7,17.4,20.1,18.0,20.2,22.8,22.4,23.1,24.5,0.0,0.0,0.0,0.0,0.0,0.0,0.0,0.0,0.0,0.0,0.0,0.0,0.0,0.0,0.0,0.0,0.0,0.0,0.0,0.0,0.002761700035383304,268.94915771484375,1.3566666940848033,2.0008333126703897,2.417411521427528
57,1998,crystal,787.2,0.161,-1.8,0.02,1.351666667,6.7,9.1,9.5,12.6,10.4,12.2,11.4,14.0,11.8,14.9,12.1,15.8,15.3,21.2,19.3,25.0,0.0,0.0,0.0,0.0,0.0,0.0,0.0,0.0,0.0,0.0,0.0,0.0,0.0,0.0,0.0,0.0,0.0,0.0,0.0,0.0,0.00272773338171343,268.6541798909505,1.2500000447034836,1.6341666380564372,2.0574257490114656
58,1999,crystal,619.775,0.173833333,1.266666667,-0.27,-1.218333333,6.5,6.6,9.5,10.8,9.5,10.2,12.7,13.9,11.7,13.5,12.9,15.0,10.4,9.1,13.1,14.3,0.0,0.0,0.0,0.0,0.0,0.0,0.0,0.0,0.0,0.0,0.0,0.0,0.0,0.0,0.0,0.0,0.0,0.0,0.0,0.0,0.002775733320352932,270.030024210612,1.2666666706403096,2.0883333484331765,2.442453813010418
59,2000,crystal,513.275,-0.0245,1.183333333,0.57,-1.796666667,6.8,9.4,8.6,11.6,9.7,13.0,11.1,14.7,10.9,14.2,11.7,15.5,11.5,16.1,10.4,13.8,0.0,0.0,0.0,0.0,0.0,0.0,0.0,0.0,0.0,0.0,0.0,0.0,0.0,0.0,0.0,0.0,0.0,0.0,0.0,0.0,0.0026128500467166305,271.16583251953125,1.53500002125899,1.5633333573738735,2.190944146148634
60,2001,crystal,511.1,-0.079,1.216666667,0.65,-0.431666667,6.5,9.7,8.5,11.6,8.4,10.9,9.7,12.3,11.0,14.3,11.2,15.0,12.2,13.9,13.1,15.7,0.0,0.0,0.0,0.0,0.0,0.0,0.0,0.0,0.0,0.0,0.0,0.0,0.0,0.0,0.0,0.0,0.0,0.0,0.0,0.0,0.00262929997794951,268.64333089192706,1.0966666601598263,1.619166632493337,1.9556017864805504
61,2002,crystal,300.2,0.166,0.2,-0.57,-1.246666667,4.8,5.7,7.5,9.8,7.5,9.8,9.1,11.6,9.9,11.3,9.5,12.5,8.1,11.2,11.6,17.3,0.0,0.0,0.0,0.0,0.0,0.0,0.0,0.0,0.0,0.0,0.0,0.0,0.0,0.0,0.0,0.0,0.0,0.0,0.0,0.0,0.002542183307620386,268.95583089192706,1.418333351612091,1.5500000218550365,2.1009925187981517
62,2003,crystal,606.725,0.028166667,-0.533333333,0.33,1.023333333,7.0,9.3,8.0,10.6,10.5,13.4,11.4,14.7,12.7,16.2,12.1,15.8,12.9,15.6,14.1,16.9,0.0,0.0,0.0,0.0,0.0,0.0,0.0,0.0,0.0,0.0,0.0,0.0,0.0,0.0,0.0,0.0,0.0,0.0,0.0,0.0,0.0027917500507707396,269.1283264160156,1.293333351612091,1.4799999992052715,1.9654798793271246
63,2004,crystal,514.35,0.2225,0.183333333,0.31,-0.166666667,5.1,4.8,7.0,8.8,10.9,11.2,11.3,12.2,11.9,12.9,11.6,13.8,13.9,10.7,14.9,16.0,0.0,0.0,0.0,0.0,0.0,0.0,0.0,0.0,0.0,0.0,0.0,0.0,0.0,0.0,0.0,0.0,0.0,0.0,0.0,0.0,0.0027658166363835335,270.28416951497394,1.369166652361552,1.8183333277702332,2.276170778482781
64,2005,crystal,865.875,0.175333333,-0.683333333,0.12,-0.34,6.9,8.8,8.2,9.7,15.3,17.9,16.5,19.0,12.8,15.3,13.0,15.8,21.6,25.6,21.8,24.5,0.0,0.0,0.0,0.0,0.0,0.0,0.0,0.0,0.0,0.0,0.0,0.0,0.0,0.0,0.0,0.0,0.0,0.0,0.0,0.0,0.003024133387953043,270.0749969482422,0.9116666366656622,1.5991666714350383,1.8407797531040753
65,2006,crystal,686.05,0.122166667,0.766666667,-0.7,-0.635,11.1,12.9,13.5,15.1,13.0,15.2,14.4,16.4,13.8,15.9,17.3,20.0,13.6,19.8,18.4,23.6,0.0,0.0,0.0,0.0,0.0,0.0,0.0,0.0,0.0,0.0,0.0,0.0,0.0,0.0,0.0,0.0,0.0,0.0,0.0,0.0,0.0028090832832579813,269.4916737874349,1.5108333428700764,1.8899999856948853,2.4196523171428237
66,2007,crystal,582.05,0.198166667,-0.366666667,-0.24,-0.698333333,8.0,9.7,10.7,12.9,8.8,11.1,10.5,12.2,13.5,15.4,13.9,16.2,14.3,14.4,19.1,22.6,0.0,0.0,0.0,0.0,0.0,0.0,0.0,0.0,0.0,0.0,0.0,0.0,0.0,0.0,0.0,0.0,0.0,0.0,0.0,0.0,0.0028502666003381214,269.3016764322917,0.9649999886751175,1.618333379427592,1.8842048469082409
67,2008,crystal,936.225,0.106833333,1.516666667,0.56,-1.48,12.1,15.1,15.2,18.0,18.7,21.9,20.1,22.6,19.0,23.5,18.6,22.9,22.7,26.8,22.3,24.7,0.0,0.0,0.0,0.0,0.0,0.0,0.0,0.0,0.0,0.0,0.0,0.0,0.0,0.0,0.0,0.0,0.0,0.0,0.0,0.0,0.002595949995641907,268.3283284505208,1.4691666662693024,1.9875000317891438,2.4715596431481686
68,2009,crystal,824.6,-0.063833333,1.233333333,0.13,-1.741666667,10.7,11.7,10.9,12.8,13.3,16.8,14.5,16.8,16.8,19.7,17.0,20.1,16.8,21.2,18.4,21.8,0.0,0.0,0.0,0.0,0.0,0.0,0.0,0.0,0.0,0.0,0.0,0.0,0.0,0.0,0.0,0.0,0.0,0.0,0.0,0.0,0.0026848166404912868,270.1941782633464,1.76583331823349,1.9758333166440327,2.6499216220379154
69,2010,crystal,712.5,0.116333333,-0.966666667,-0.74,-0.24,8.7,11.5,11.1,13.4,11.0,12.0,10.7,11.8,12.8,15.8,12.7,15.7,14.0,17.6,16.2,19.0,0.0,0.0,0.0,0.0,0.0,0.0,0.0,0.0,0.0,0.0,0.0,0.0,0.0,0.0,0.0,0.0,0.0,0.0,0.0,0.0,0.0024662332919736705,268.13417561848956,1.0108333230018616,1.4141666789849598,1.7382897925381533
70,2011,crystal,1172.05,0.158166667,2.233333333,-3.61,-1.625,11.5,14.3,12.9,15.6,13.7,17.0,15.8,18.5,16.4,20.1,16.4,20.1,18.4,22.2,18.7,22.1,0.0,0.0,0.0,0.0,0.0,0.0,0.0,0.0,0.0,0.0,0.0,0.0,0.0,0.0,0.0,0.0,0.0,0.0,0.0,0.0,0.002755266808283826,269.3333485921224,1.7925000190734863,1.940833310286204,2.641948193416168
71,2012,crystal,339.25,-0.035666667,1.116666667,1.14,-2.021666667,6.2,3.8,9.2,9.9,7.7,6.5,9.3,9.8,9.8,8.9,10.6,11.4,11.7,8.2,13.8,14.7,0.0,0.0,0.0,0.0,0.0,0.0,0.0,0.0,0.0,0.0,0.0,0.0,0.0,0.0,0.0,0.0,0.0,0.0,0.0,0.0,0.002585083362646401,269.41417439778644,1.2783333013455074,1.6575000087420146,2.0931895060669214
72,2013,crystal,460.075,0.151666667,0.2,-0.49,-1.198333333,4.6,7.3,6.0,8.3,6.4,8.8,7.6,9.7,7.3,11.1,9.0,12.5,11.4,12.9,10.9,13.4,0.0,0.0,0.0,0.0,0.0,0.0,0.0,0.0,0.0,0.0,0.0,0.0,0.0,0.0,0.0,0.0,0.0,0.0,0.0,0.0,0.0024522499297745526,269.64000447591144,1.6808333496252696,1.5824999610582988,2.308572475787152
73,2014,crystal,730.2,0.032833333,0.216666667,-0.16,-0.745,11.5,14.1,10.4,12.3,13.3,16.2,14.6,17.3,15.3,19.5,15.1,18.7,15.0,18.1,16.8,19.1,0.0,0.0,0.0,0.0,0.0,0.0,0.0,0.0,0.0,0.0,0.0,0.0,0.0,0.0,0.0,0.0,0.0,0.0,0.0,0.0,0.002710533367159466,269.2266794840495,1.6700000166893005,1.6991666952768962,2.3824498974963717
74,2015,crystal,624.475,0.023833333,-0.566666667,0.53,1.5,10.7,10.7,10.4,11.7,9.8,11.1,11.3,12.9,13.1,15.1,14.5,16.5,9.5,5.8,12.0,13.8,0.0,0.0,0.0,0.0,0.0,0.0,0.0,0.0,0.0,0.0,0.0,0.0,0.0,0.0,0.0,0.0,0.0,0.0,0.0,0.0,0.002997116573775808,271.0716807047526,0.8608333319425583,1.262500007947286,1.5280511429432668
75,2016,crystal,637.625,0.196833333,-1.183333333,1.93,0.815,8.6,10.9,8.7,11.1,10.3,13.1,11.6,14.2,12.2,15.0,13.0,16.9,13.1,13.1,16.9,19.3,0.0,0.0,0.0,0.0,0.0,0.0,0.0,0.0,0.0,0.0,0.0,0.0,0.0,0.0,0.0,0.0,0.0,0.0,0.0,0.0,0.002817650015155474,269.91583760579425,1.1641666392485301,1.6849999626477559,2.048050008681955
76,2017,crystal,779.625,0.265166667,0.15,0.41,0.196666667,13.3,13.6,12.1,13.5,19.8,21.0,19.0,20.1,15.4,16.7,16.3,18.7,17.9,12.7,19.0,20.6,0.0,0.0,0.0,0.0,0.0,0.0,0.0,0.0,0.0,0.0,0.0,0.0,0.0,0.0,0.0,0.0,0.0,0.0,0.0,0.0,0.0030853499192744493,271.0074971516927,1.5091666678587596,2.7950000365575156,3.1764145251733793
77,2018,crystal,362.325,0.23,0.633333333,0.37,-0.281666667,6.5,8.0,8.9,10.7,7.3,8.8,7.7,9.0,8.8,10.5,10.7,12.7,8.0,8.6,10.2,12.9,0.0,0.0,0.0,0.0,0.0,0.0,0.0,0.0,0.0,0.0,0.0,0.0,0.0,0.0,0.0,0.0,0.0,0.0,0.0,0.0,0.002728500054217875,271.04583740234375,1.6008333663145702,2.1266666849454245,2.6618374585167293
78,2019,crystal,988.35,0.0025,-0.066666667,0.74,-0.486666667,10.3,15.3,10.7,15.3,12.3,19.1,13.0,18.6,13.7,20.7,14.5,20.7,14.2,22.0,18.3,26.3,0.0,0.0,0.0,0.0,0.0,0.0,0.0,0.0,0.0,0.0,0.0,0.0,0.0,0.0,0.0,0.0,0.0,0.0,0.0,0.0,0.0027913001055518785,268.9508412679036,1.2008333504199982,1.6750000019868214,2.06097689024811
79,2020,crystal,490.5,0.186166667,-0.3,-0.65,-1.005,11.6,13.6,12.1,13.9,10.0,13.6,10.5,13.9,14.6,17.3,13.9,16.7,13.1,16.0,14.2,17.8,0.0,0.0,0.0,0.0,0.0,0.0,0.0,0.0,0.0,0.0,0.0,0.0,0.0,0.0,0.0,0.0,0.0,0.0,0.0,0.0,0.0024992999775956073,269.2191670735677,1.4666666984558105,1.884166697661082,2.3877176024258677
80,1981,jemez,69.5,-0.154666667,-0.25,-1.08,0.94,5.4,11.0,3.2,8.7,4.8,8.7,7.1,12.5,0.0,0.0,0.0,0.0,0.0,0.0,0.0,0.0,0.0,0.0,0.0,0.0,0.0,0.0,0.0,0.0,0.0,0.0,0.0,0.0,0.0,0.0,0.0,0.0,0.0,0.0,0.0,0.0,0.0028548786594044594,273.9583478655134,2.25476192292713,-0.6688095111222494,2.351862557899511
81,1982,jemez,137.275,-0.1025,0.4,-0.88,0.098333333,8.2,9.9,10.5,12.6,9.6,11.8,12.1,16.1,0.0,0.0,0.0,0.0,0.0,0.0,0.0,0.0,0.0,0.0,0.0,0.0,0.0,0.0,0.0,0.0,0.0,0.0,0.0,0.0,0.0,0.0,0.0,0.0,0.0,0.0,0.0,0.0,0.003008742905443623,273.9119204566592,3.283571402231852,-0.19952378954206187,3.2896277747107003
82,1983,jemez,337.75,-0.256166667,-2.666666667,1.44,0.468333333,12.2,15.5,11.6,15.5,14.4,20.5,15.9,22.6,0.0,0.0,0.0,0.0,0.0,0.0,0.0,0.0,0.0,0.0,0.0,0.0,0.0,0.0,0.0,0.0,0.0,0.0,0.0,0.0,0.0,0.0,0.0,0.0,0.0,0.0,0.0,0.0,0.003012495248445443,272.9852469308036,2.463333356948126,-0.3688095183599563,2.490789370518155
83,1984,jemez,176.65,-0.1205,0.2,0.47,1.3,7.3,7.5,10.0,13.0,12.0,11.3,15.1,18.4,0.0,0.0,0.0,0.0,0.0,0.0,0.0,0.0,0.0,0.0,0.0,0.0,0.0,0.0,0.0,0.0,0.0,0.0,0.0,0.0,0.0,0.0,0.0,0.0,0.0,0.0,0.0,0.0,0.003024780945408912,272.8842947823661,3.0042856761387413,-0.6935714483261108,3.083305657534717
84,1985,jemez,394.925,-0.362666667,0.266666667,0.79,0.41,13.1,14.8,14.1,18.0,10.4,11.4,17.8,22.8,0.0,0.0,0.0,0.0,0.0,0.0,0.0,0.0,0.0,0.0,0.0,0.0,0.0,0.0,0.0,0.0,0.0,0.0,0.0,0.0,0.0,0.0,0.0,0.0,0.0,0.0,0.0,0.0,0.0031225452465670454,272.5754801432292,2.5571428480602445,0.4673809522674197,2.5995046643405084
85,1986,jemez,145.7,-0.306666667,0.016666667,-1.29,0.668333333,6.6,3.8,9.5,11.0,3.4,3.4,10.4,14.3,0.0,0.0,0.0,0.0,0.0,0.0,0.0,0.0,0.0,0.0,0.0,0.0,0.0,0.0,0.0,0.0,0.0,0.0,0.0,0.0,0.0,0.0,0.0,0.0,0.0,0.0,0.0,0.0,0.0032320381363942514,274.3388119652158,2.8650000663030717,-0.33428571905408583,2.8844362225364097
86,1987,jemez,291.85,-0.278166667,-0.866666667,1.28,1.445,15.4,15.9,16.0,16.8,8.5,10.3,14.1,15.9,0.0,0.0,0.0,0.0,0.0,0.0,0.0,0.0,0.0,0.0,0.0,0.0,0.0,0.0,0.0,0.0,0.0,0.0,0.0,0.0,0.0,0.0,0.0,0.0,0.0,0.0,0.0,0.0,0.0030964784590261324,272.7380952380952,1.746666703905378,-0.07785711827732268,1.7484010710927074
87,1988,jemez,118.475,-0.034333333,-0.133333333,-1.19,0.623333333,9.6,6.9,9.6,11.2,10.7,10.1,13.5,15.0,0.0,0.0,0.0,0.0,0.0,0.0,0.0,0.0,0.0,0.0,0.0,0.0,0.0,0.0,0.0,0.0,0.0,0.0,0.0,0.0,0.0,0.0,0.0,0.0,0.0,0.0,0.0,0.0,0.002791504863472212,273.34215146019346,2.6371428852989562,-0.6083333151681082,2.706398348326854
88,1989,jemez,60.6,-0.198166667,1.35,0.12,-0.748333333,8.7,3.1,7.9,9.1,9.8,1.3,10.7,11.8,0.0,0.0,0.0,0.0,0.0,0.0,0.0,0.0,0.0,0.0,0.0,0.0,0.0,0.0,0.0,0.0,0.0,0.0,0.0,0.0,0.0,0.0,0.0,0.0,0.0,0.0,0.0,0.0,0.0028288858011364937,274.4088192894345,3.0890475454784574,-0.23595238441512698,3.098045878604393
89,1990,jemez,81.75,-0.190666667,-0.366666667,2.21,-0.718333333,5.3,4.3,7.6,9.5,5.0,5.8,8.6,12.5,0.0,0.0,0.0,0.0,0.0,0.0,0.0,0.0,0.0,0.0,0.0,0.0,0.0,0.0,0.0,0.0,0.0,0.0,0.0,0.0,0.0,0.0,0.0,0.0,0.0,0.0,0.0,0.0,0.002501142854314475,274.0533360072545,2.7409523101080033,-0.204047611781529,2.7485368824449394
90,1991,jemez,172.9,-0.0735,-0.033333333,2.48,-1.543333333,8.6,10.6,9.5,13.0,8.2,13.6,11.8,16.7,0.0,0.0,0.0,0.0,0.0,0.0,0.0,0.0,0.0,0.0,0.0,0.0,0.0,0.0,0.0,0.0,0.0,0.0,0.0,0.0,0.0,0.0,0.0,0.0,0.0,0.0,0.0,0.0,0.0026824856176972385,273.4952450706845,2.949999968210856,-0.4464285402070907,2.9835881508605517
91,1992,jemez,279.325,-0.200666667,-1.55,0.95,0.188333333,10.6,12.6,11.8,15.1,13.6,17.2,16.2,21.9,0.0,0.0,0.0,0.0,0.0,0.0,0.0,0.0,0.0,0.0,0.0,0.0,0.0,0.0,0.0,0.0,0.0,0.0,0.0,0.0,0.0,0.0,0.0,0.0,0.0,0.0,0.0,0.0,0.00291484288339104,273.9147658575149,2.1671428907485235,-0.42833336194356275,2.2090671736902303
92,1993,jemez,247.6,-0.280666667,-0.8,1.65,0.483333333,14.2,14.8,16.3,18.4,15.7,14.5,20.1,22.5,0.0,0.0,0.0,0.0,0.0,0.0,0.0,0.0,0.0,0.0,0.0,0.0,0.0,0.0,0.0,0.0,0.0,0.0,0.0,0.0,0.0,0.0,0.0,0.0,0.0,0.0,0.0,0.0,0.002949923853434268,273.42523774646577,2.848095303490048,-0.13523810818081808,2.8513042986791843
93,1994,jemez,88.0,-0.3065,-0.25,0.66,0.76,7.3,8.0,8.0,11.0,6.8,5.7,10.5,13.2,0.0,0.0,0.0,0.0,0.0,0.0,0.0,0.0,0.0,0.0,0.0,0.0,0.0,0.0,0.0,0.0,0.0,0.0,0.0,0.0,0.0,0.0,0.0,0.0,0.0,0.0,0.0,0.0,0.002591469059033053,273.8995332263765,2.9957142330351325,-0.37333333705152777,3.0188874683504356
94,1995,jemez,234.425,-0.059833333,-0.433333333,1.33,-0.931666667,11.0,8.8,14.2,16.2,9.6,10.3,18.6,22.2,0.0,0.0,0.0,0.0,0.0,0.0,0.0,0.0,0.0,0.0,0.0,0.0,0.0,0.0,0.0,0.0,0.0,0.0,0.0,0.0,0.0,0.0,0.0,0.0,0.0,0.0,0.0,0.0,0.0030183785461953706,274.7178635370164,2.6845238095238098,0.4569047547522045,2.7231287224101983
95,1996,jemez,18.325,0.010666667,0.316666667,-0.79,0.666666667,4.5,3.1,4.9,6.4,2.0,0.1,5.1,6.8,0.0,0.0,0.0,0.0,0.0,0.0,0.0,0.0,0.0,0.0,0.0,0.0,0.0,0.0,0.0,0.0,0.0,0.0,0.0,0.0,0.0,0.0,0.0,0.0,0.0,0.0,0.0,0.0,0.002443726241056408,275.16642543247764,3.6140476862589517,-0.9252381367342813,3.7306040111785124
96,1997,jemez,171.9,-0.117333333,0.533333333,-1.08,0.311666667,12.0,5.1,14.8,14.8,13.5,8.7,14.8,17.5,0.0,0.0,0.0,0.0,0.0,0.0,0.0,0.0,0.0,0.0,0.0,0.0,0.0,0.0,0.0,0.0,0.0,0.0,0.0,0.0,0.0,0.0,0.0,0.0,0.0,0.0,0.0,0.0,0.0029081976750776877,272.99167015438985,2.237380992798578,-0.4704761902491252,2.286311779379112
97,1998,jemez,143.925,0.161,-1.8,0.02,1.351666667,7.5,8.6,8.2,11.9,10.1,10.7,13.1,16.6,0.0,0.0,0.0,0.0,0.0,0.0,0.0,0.0,0.0,0.0,0.0,0.0,0.0,0.0,0.0,0.0,0.0,0.0,0.0,0.0,0.0,0.0,0.0,0.0,0.0,0.0,0.0,0.0,0.0029884571032155124,272.3881080264137,2.517618996756417,-0.6928571150416419,2.611217416205057
98,1999,jemez,92.925,0.173833333,1.266666667,-0.27,-1.218333333,3.7,0.1,10.3,12.6,0.0,0.0,9.3,11.3,0.0,0.0,0.0,0.0,0.0,0.0,0.0,0.0,0.0,0.0,0.0,0.0,0.0,0.0,0.0,0.0,0.0,0.0,0.0,0.0,0.0,0.0,0.0,0.0,0.0,0.0,0.0,0.0,0.002901449932583741,274.9326346261161,2.620476177760533,0.02095232974915277,2.6205599398472783
99,2000,jemez,57.7,-0.0245,1.183333333,0.57,-1.796666667,3.0,4.5,3.8,7.8,2.5,6.9,4.3,10.5,0.0,0.0,0.0,0.0,0.0,0.0,0.0,0.0,0.0,0.0,0.0,0.0,0.0,0.0,0.0,0.0,0.0,0.0,0.0,0.0,0.0,0.0,0.0,0.0,0.0,0.0,0.0,0.0,0.002473516677994104,275.25762358165923,2.602619012196859,-0.47071430512837004,2.644843602124904
100,2001,jemez,143.975,-0.079,1.216666667,0.65,-0.431666667,11.9,10.8,14.5,18.1,8.1,8.8,14.0,16.7,0.0,0.0,0.0,0.0,0.0,0.0,0.0,0.0,0.0,0.0,0.0,0.0,0.0,0.0,0.0,0.0,0.0,0.0,0.0,0.0,0.0,0.0,0.0,0.0,0.0,0.0,0.0,0.0,0.0029777095076583683,272.4583362397694,1.856428589139666,-0.014523801349458224,1.8564854018765482
101,2002,jemez,19.9,0.166,0.2,-0.57,-1.246666667,3.5,0.0,3.8,4.1,4.0,0.0,6.0,6.2,0.0,0.0,0.0,0.0,0.0,0.0,0.0,0.0,0.0,0.0,0.0,0.0,0.0,0.0,0.0,0.0,0.0,0.0,0.0,0.0,0.0,0.0,0.0,0.0,0.0,0.0,0.0,0.0,0.0026000547222793107,273.5014270600819,2.724047570001511,-0.6509524001961663,2.8007452920521505
102,2003,jemez,69.6,0.028166667,-0.533333333,0.33,1.023333333,7.0,6.0,9.4,11.3,6.1,7.2,14.0,17.1,0.0,0.0,0.0,0.0,0.0,0.0,0.0,0.0,0.0,0.0,0.0,0.0,0.0,0.0,0.0,0.0,0.0,0.0,0.0,0.0,0.0,0.0,0.0,0.0,0.0,0.0,0.0,0.0,0.0029524476489140874,274.3242885044643,2.6742857070196244,-0.6233333363419488,2.7459694992779213
103,2004,jemez,108.35,0.2225,0.183333333,0.31,-0.166666667,6.8,0.3,7.5,8.8,7.2,2.0,10.2,11.6,0.0,0.0,0.0,0.0,0.0,0.0,0.0,0.0,0.0,0.0,0.0,0.0,0.0,0.0,0.0,0.0,0.0,0.0,0.0,0.0,0.0,0.0,0.0,0.0,0.0,0.0,0.0,0.0,0.0028749809910853705,274.7438151041667,2.3873808951604936,-0.22571428616841635,2.3980272053414735
104,2005,jemez,223.475,0.175333333,-0.683333333,0.12,-0.34,13.1,14.3,15.0,17.5,9.7,12.3,14.8,18.6,0.0,0.0,0.0,0.0,0.0,0.0,0.0,0.0,0.0,0.0,0.0,0.0,0.0,0.0,0.0,0.0,0.0,0.0,0.0,0.0,0.0,0.0,0.0,0.0,0.0,0.0,0.0,0.0,0.0033136451882975443,274.3459530784971,2.0449999627612887,0.2754761605035691,2.063470853368048
105,2006,jemez,19.775,0.122166667,0.766666667,-0.7,-0.635,1.1,0.8,3.9,5.7,0.0,0.9,3.4,5.6,0.0,0.0,0.0,0.0,0.0,0.0,0.0,0.0,0.0,0.0,0.0,0.0,0.0,0.0,0.0,0.0,0.0,0.0,0.0,0.0,0.0,0.0,0.0,0.0,0.0,0.0,0.0,0.0,0.002721578614520175,274.73428780691967,3.180952480861119,-0.3971428417024158,3.205648315428874
106,2007,jemez,115.725,0.198166667,-0.366666667,-0.24,-0.698333333,10.5,4.9,11.4,12.8,10.1,5.3,12.7,13.9,0.0,0.0,0.0,0.0,0.0,0.0,0.0,0.0,0.0,0.0,0.0,0.0,0.0,0.0,0.0,0.0,0.0,0.0,0.0,0.0,0.0,0.0,0.0,0.0,0.0,0.0,0.0,0.0,0.002913492864796094,273.7807094029018,2.3404761723109653,-0.6471428644089472,2.4282962340107526
107,2008,jemez,106.225,0.106833333,1.516666667,0.56,-1.48,10.0,4.5,13.4,13.9,10.8,7.9,14.4,14.5,0.0,0.0,0.0,0.0,0.0,0.0,0.0,0.0,0.0,0.0,0.0,0.0,0.0,0.0,0.0,0.0,0.0,0.0,0.0,0.0,0.0,0.0,0.0,0.0,0.0,0.0,0.0,0.0,0.002641330916611921,272.91476295107884,2.890000025431315,-0.4290476327850705,2.9216745229733365
108,2009,jemez,74.675,-0.063833333,1.233333333,0.13,-1.741666667,6.6,2.9,10.5,12.0,5.9,3.2,8.1,8.8,0.0,0.0,0.0,0.0,0.0,0.0,0.0,0.0,0.0,0.0,0.0,0.0,0.0,0.0,0.0,0.0,0.0,0.0,0.0,0.0,0.0,0.0,0.0,0.0,0.0,0.0,0.0,0.0,0.0027218428662135487,274.4381045386905,2.9835714385623024,-0.11119046381541654,2.985642618976393
109,2010,jemez,129.9,0.116333333,-0.966666667,-0.74,-0.24,11.1,11.4,12.3,14.6,8.5,10.7,11.5,14.9,0.0,0.0,0.0,0.0,0.0,0.0,0.0,0.0,0.0,0.0,0.0,0.0,0.0,0.0,0.0,0.0,0.0,0.0,0.0,0.0,0.0,0.0,0.0,0.0,0.0,0.0,0.0,0.0,0.002614095252716825,271.82786051432294,2.3519047555469332,-0.5257142838977632,2.409944291359951
110,2011,jemez,33.475,0.158166667,2.233333333,-3.61,-1.625,3.8,0.0,6.8,7.3,4.4,0.2,7.5,8.4,0.0,0.0,0.0,0.0,0.0,0.0,0.0,0.0,0.0,0.0,0.0,0.0,0.0,0.0,0.0,0.0,0.0,0.0,0.0,0.0,0.0,0.0,0.0,0.0,0.0,0.0,0.0,0.0,0.0026506834131266384,273.65357898530505,3.183333351498559,-0.6302380483774912,3.2451211417119263
111,2012,jemez,56.245,-0.035666667,1.116666667,1.14,-2.021666667,6.9,0.0,10.6,11.5,7.8,4.6,13.9,15.5,0.0,0.0,0.0,0.0,0.0,0.0,0.0,0.0,0.0,0.0,0.0,0.0,0.0,0.0,0.0,0.0,0.0,0.0,0.0,0.0,0.0,0.0,0.0,0.0,0.0,0.0,0.0,0.0,0.002682626225231659,273.6973847888765,2.3597617660249983,-0.5990475983846756,2.4346115947977958
112,2013,jemez,29.2,0.151666667,0.2,-0.49,-1.198333333,4.6,0.0,6.5,7.1,4.9,3.4,4.8,5.0,0.0,0.0,0.0,0.0,0.0,0.0,0.0,0.0,0.0,0.0,0.0,0.0,0.0,0.0,0.0,0.0,0.0,0.0,0.0,0.0,0.0,0.0,0.0,0.0,0.0,0.0,0.0,0.0,0.0023743166765641597,273.8869076683408,3.031904742831275,-0.9676190841765631,3.1825670553289953
113,2014,jemez,31.2,0.032833333,0.216666667,-0.16,-0.745,0.6,0.0,5.4,6.3,0.1,0.0,5.8,7.9,0.0,0.0,0.0,0.0,0.0,0.0,0.0,0.0,0.0,0.0,0.0,0.0,0.0,0.0,0.0,0.0,0.0,0.0,0.0,0.0,0.0,0.0,0.0,0.0,0.0,0.0,0.0,0.0,0.0027628618824694835,274.2616664341518,3.085952259245373,-0.8307143251101174,3.195807822176543
114,2015,jemez,104.5,0.023833333,-0.566666667,0.53,1.5,6.1,0.0,7.9,9.6,6.9,1.1,11.4,13.0,0.0,0.0,0.0,0.0,0.0,0.0,0.0,0.0,0.0,0.0,0.0,0.0,0.0,0.0,0.0,0.0,0.0,0.0,0.0,0.0,0.0,0.0,0.0,0.0,0.0,0.0,0.0,0.0,0.0032810690324930913,275.3935895647321,1.6816666580381847,-0.6271428778058006,1.794801085897782
115,2016,jemez,72.45,0.196833333,-1.183333333,1.93,0.815,5.1,0.0,10.2,10.2,7.2,3.4,14.3,14.3,0.0,0.0,0.0,0.0,0.0,0.0,0.0,0.0,0.0,0.0,0.0,0.0,0.0,0.0,0.0,0.0,0.0,0.0,0.0,0.0,0.0,0.0,0.0,0.0,0.0,0.0,0.0,0.0,0.003158250069689183,273.8052455357143,2.342619010380336,-0.4769047782534644,2.390669779646769
116,2017,jemez,113.7,0.265166667,0.15,0.41,0.196666667,8.2,0.0,9.5,10.5,8.2,4.1,12.9,15.0,0.0,0.0,0.0,0.0,0.0,0.0,0.0,0.0,0.0,0.0,0.0,0.0,0.0,0.0,0.0,0.0,0.0,0.0,0.0,0.0,0.0,0.0,0.0,0.0,0.0,0.0,0.0,0.0,0.003272621404557001,274.51547677176336,2.694523811340332,-0.15261905533926826,2.6988425567143928
117,2018,jemez,16.35,0.23,0.633333333,0.37,-0.281666667,1.4,0.0,1.3,2.3,3.3,0.0,5.7,6.4,0.0,0.0,0.0,0.0,0.0,0.0,0.0,0.0,0.0,0.0,0.0,0.0,0.0,0.0,0.0,0.0,0.0,0.0,0.0,0.0,0.0,0.0,0.0,0.0,0.0,0.0,0.0,0.0,0.0026849476132719294,276.3211902436756,3.0954761959257575,-0.06142855825878333,3.0960856492210858
118,2019,jemez,177.55,0.0025,-0.066666667,0.74,-0.486666667,8.6,4.5,12.6,16.7,7.5,7.9,13.4,16.3,0.0,0.0,0.0,0.0,0.0,0.0,0.0,0.0,0.0,0.0,0.0,0.0,0.0,0.0,0.0,0.0,0.0,0.0,0.0,0.0,0.0,0.0,0.0,0.0,0.0,0.0,0.0,0.0,0.0030034666526175687,273.6400233677455,2.428333350590297,0.2869047323862712,2.445223340935289
119,2020,jemez,41.655,0.186166667,-0.3,-0.65,-1.005,7.4,0.0,7.8,9.4,7.3,4.5,8.7,10.4,0.0,0.0,0.0,0.0,0.0,0.0,0.0,0.0,0.0,0.0,0.0,0.0,0.0,0.0,0.0,0.0,0.0,0.0,0.0,0.0,0.0,0.0,0.0,0.0,0.0,0.0,0.0,0.0,0.002796699869490805,273.586905343192,2.5616667384193055,-0.08809524490719749,2.563181080395816
120,1981,logan,242.75,-0.154666667,-0.25,-1.08,0.94,16.2,23.0,18.6,24.1,7.4,7.7,11.1,14.8,7.4,10.9,9.1,12.8,7.0,9.6,8.4,11.4,10.8,16.1,13.4,18.5,7.9,12.7,8.8,14.6,5.6,7.1,10.7,13.7,8.4,15.3,10.5,15.9,12.8,20.2,15.3,20.3,0.002943929998824994,272.2956868489584,0.7976666450500488,0.2673333466053009,0.8412723666165379
121,1982,logan,684.825,-0.1025,0.4,-0.88,0.098333333,35.0,53.1,44.2,61.6,19.9,24.8,34.9,47.7,23.5,30.9,23.6,31.0,19.5,26.0,20.8,26.5,27.7,37.7,34.1,42.7,23.6,31.7,28.3,36.4,11.1,16.8,27.2,36.9,25.0,33.6,26.6,35.7,41.3,52.8,44.2,58.6,0.002999966653684775,270.87267659505216,1.2959999998410543,0.6309999982515971,1.4414496166642552
122,1983,logan,660.825,-0.256166667,-2.666666667,1.44,0.468333333,36.1,54.1,37.0,53.6,22.3,25.8,27.9,35.5,13.0,17.3,12.3,15.5,20.0,25.1,13.3,17.3,21.0,30.3,22.3,29.6,18.1,24.6,18.5,23.6,15.8,17.8,20.8,26.9,20.6,27.9,18.3,24.1,25.1,36.7,27.9,34.2,0.002982873376458883,270.49232991536456,0.6023333231608072,0.5466666599114736,0.8134186309943411
123,1984,logan,847.3,-0.1205,0.2,0.47,1.3,60.6,68.7,70.5,78.6,33.1,34.1,38.8,40.6,24.8,27.4,23.3,25.9,25.5,27.7,22.1,24.3,30.8,34.1,31.5,35.3,30.6,36.6,27.1,30.5,24.5,25.1,28.2,30.8,31.8,37.2,28.5,34.0,40.6,47.3,37.2,44.0,0.0029130066744983193,268.78601888020836,0.8070000012715658,0.2376666640241941,0.8412695437496215
124,1985,logan,461.825,-0.362666667,0.266666667,0.79,0.41,34.1,40.8,36.3,43.3,26.2,30.1,25.1,29.0,16.6,23.0,16.6,20.6,21.8,30.4,16.3,21.6,27.1,35.2,24.6,30.4,21.0,29.9,21.8,26.8,16.3,18.8,20.3,23.8,27.6,35.6,23.8,28.6,29.9,38.7,28.4,33.9,0.0025129966748257478,267.8456583658854,0.787666674455007,0.3909999976555507,0.8793746574774888
125,1986,logan,889.825,-0.306666667,0.016666667,-1.29,0.668333333,59.0,60.3,64.0,71.4,26.5,24.6,39.9,45.7,29.1,32.6,27.4,29.8,34.6,38.5,21.3,24.3,38.1,41.3,38.2,43.4,26.6,22.1,32.8,36.7,18.5,9.0,33.6,38.6,34.0,39.0,29.8,33.8,45.4,53.2,49.1,53.5,0.002952686697244644,270.79633382161455,1.0983333279689154,0.6033333152532578,1.2531349442984023
126,1987,logan,202.675,-0.278166667,-0.866666667,1.28,1.445,21.9,26.0,26.8,30.0,10.2,11.6,16.0,18.7,9.2,13.3,10.9,14.5,12.2,15.6,9.9,12.6,14.7,17.4,15.5,18.5,10.0,13.0,12.0,15.0,6.0,9.1,11.6,14.1,14.1,20.0,13.6,17.3,13.4,16.7,16.1,19.6,0.002828103303909301,271.34966634114585,0.6636666635672251,0.09433333426713943,0.6703373913816895
127,1988,logan,226.625,-0.034333333,-0.133333333,-1.19,0.623333333,21.6,21.0,22.2,24.5,9.8,11.1,14.9,17.7,13.6,17.2,13.2,15.8,14.7,18.3,10.6,13.2,15.4,20.7,18.1,22.7,14.3,16.4,14.7,17.8,8.1,6.0,11.8,13.7,20.3,25.6,15.8,19.9,20.6,26.9,22.9,28.4,0.0027298533047238993,270.6650024414063,1.1523333390553792,0.06266666998465854,1.1540360634856632
128,1989,logan,380.125,-0.198166667,1.35,0.12,-0.748333333,34.7,45.8,34.6,45.0,24.2,20.8,23.7,31.7,14.8,20.3,12.8,17.4,25.2,29.5,14.3,19.4,22.2,31.0,23.0,32.3,20.2,25.4,20.5,26.4,14.7,6.3,18.4,23.5,27.5,35.3,22.7,28.8,31.6,43.1,28.8,39.4,0.002710746663312117,270.9690022786458,1.2983333567778268,0.5146666556596756,1.396621377385401
129,1990,logan,167.275,-0.190666667,-0.366666667,2.21,-0.718333333,20.8,24.6,20.6,24.6,10.1,7.7,16.9,20.0,11.9,13.8,11.2,12.7,11.6,11.0,11.6,13.1,16.8,19.1,16.8,20.3,16.1,15.4,15.7,17.9,8.9,0.0,13.9,16.4,19.6,22.4,14.5,16.5,21.2,24.3,19.7,23.0,0.002736453339457512,271.95799560546874,1.638333304723104,0.2409999926884969,1.6559640738375885
130,1991,logan,252.35,-0.0735,-0.033333333,2.48,-1.543333333,20.8,31.3,23.9,31.6,11.6,17.5,18.1,23.5,9.2,15.1,10.3,14.4,10.6,13.1,13.4,16.7,16.1,21.3,18.5,23.7,16.2,22.3,17.1,22.0,6.7,9.0,14.0,17.5,18.5,26.1,16.7,21.6,20.7,28.3,20.3,27.3,0.002533013404657443,270.61468505859375,1.2699999769528707,0.5159999966621399,1.370823087789092
131,1992,logan,131.875,-0.200666667,-1.55,0.95,0.188333333,15.6,17.2,22.2,23.9,7.7,2.0,16.7,18.0,8.8,8.8,12.6,13.7,9.3,5.9,13.0,14.4,12.3,15.1,18.5,21.0,10.2,7.6,12.8,14.1,3.5,0.0,13.5,14.2,18.5,18.8,15.6,17.0,15.9,16.9,21.1,23.2,0.002861399917552869,272.07500000000005,0.6553333193063736,0.3410000105698903,0.7387440467454034
132,1993,logan,534.375,-0.280666667,-0.8,1.65,0.483333333,39.8,41.5,40.9,49.7,22.5,18.1,31.5,38.5,16.4,19.5,17.7,21.2,15.4,17.8,19.0,22.7,24.6,29.5,25.9,32.4,22.7,25.8,22.7,26.9,11.6,5.8,24.5,29.6,29.3,36.0,23.3,28.7,29.0,35.7,30.3,38.6,0.002812593337148428,270.6113240559896,0.7786666641632717,0.47200000584125523,0.9105524583423529
133,1994,logan,238.225,-0.3065,-0.25,0.66,0.76,24.4,26.8,27.0,31.3,15.5,13.9,21.4,25.5,12.6,15.8,12.4,16.1,13.0,16.0,13.7,18.4,19.2,22.4,21.5,25.3,15.6,20.8,17.1,20.9,10.0,4.8,15.7,20.3,18.2,24.8,18.4,23.4,20.9,26.8,22.8,27.8,0.0027874232890705264,271.56867268880205,1.274333349863688,0.1603333279490471,1.2843801083114084
134,1995,logan,532.6,-0.059833333,-0.433333333,1.33,-0.931666667,33.8,43.1,41.6,50.8,19.7,16.0,28.7,36.2,14.6,19.9,16.8,23.2,15.3,19.6,19.9,25.8,21.6,30.0,28.4,35.5,17.5,21.9,21.4,28.2,8.8,4.3,20.7,28.1,24.8,35.1,23.0,31.9,25.2,33.6,29.8,37.9,0.0031611700542271133,272.2106689453125,0.8206667065620422,0.7583333333333333,1.1173912867495583
135,1996,logan,562.25,0.010666667,0.316666667,-0.79,0.666666667,32.9,37.5,31.8,35.7,16.8,18.4,24.4,26.9,20.7,25.1,19.1,23.2,17.9,21.1,17.5,20.7,33.5,36.7,36.4,42.0,25.2,28.8,26.2,29.7,9.7,8.7,19.2,22.6,31.4,37.1,25.0,29.1,38.3,42.2,40.9,43.5,0.0028029633065064746,270.55966796875,1.2800000071525572,0.4439999997615814,1.354819551858782
136,1997,logan,736.75,-0.117333333,0.533333333,-1.08,0.311666667,67.7,68.7,60.4,62.9,30.7,28.6,44.0,45.0,29.6,33.4,26.8,29.5,29.4,29.8,25.9,28.4,33.7,36.0,42.1,46.3,35.5,38.1,32.7,35.7,23.4,17.2,33.3,35.5,38.1,40.6,30.5,33.3,51.2,53.9,50.1,54.5,0.0029225167197485767,271.1423380533854,1.3136666695276895,0.4249999960263569,1.3807045720393538
137,1998,logan,574.95,0.161,-1.8,0.02,1.351666667,47.7,53.5,44.4,49.7,29.3,30.2,29.6,33.3,18.2,19.9,17.5,21.1,16.6,18.7,17.4,20.8,26.5,29.8,26.6,31.3,21.1,22.9,20.4,24.2,18.4,16.4,23.7,27.1,25.9,30.2,22.4,26.9,37.6,41.6,30.6,36.2,0.0031099400172630944,271.19300944010416,0.80600000222524,0.39099998573462164,0.8958331275586773
138,1999,logan,657.325,0.173833333,1.266666667,-0.27,-1.218333333,27.8,30.9,27.7,32.1,15.5,14.4,21.2,23.1,19.2,21.7,17.4,19.7,15.7,17.9,17.2,19.2,26.7,31.8,28.0,33.1,20.2,20.7,20.2,22.7,11.7,6.9,19.8,22.2,23.3,26.0,23.1,25.9,37.5,43.3,32.1,37.4,0.002981876581907272,271.6670247395833,1.1790000081062317,0.568000007669131,1.3086882852026402
139,2000,logan,263.075,-0.0245,1.183333333,0.57,-1.796666667,28.6,36.4,28.7,34.7,15.5,18.4,19.6,23.5,11.9,16.3,10.7,13.3,13.2,15.3,11.4,14.5,19.8,24.5,20.0,24.7,17.7,21.7,15.5,18.9,7.7,8.0,14.6,18.3,17.5,21.4,15.8,19.3,29.3,34.5,23.4,28.4,0.002715563370535771,273.2683390299479,1.0886666213472684,0.43399998346964525,1.1719859206011518
140,2001,logan,211.125,-0.079,1.216666667,0.65,-0.431666667,23.9,24.8,28.7,31.9,15.5,12.4,17.8,20.0,11.7,12.2,11.0,12.6,10.8,10.6,12.6,14.1,13.9,12.9,18.1,20.8,12.8,12.5,15.0,17.0,9.9,2.6,15.3,17.6,15.7,17.6,16.3,18.2,20.7,22.2,21.6,24.4,0.0027764200232923033,269.82199707031253,0.5089999993642171,0.26366668144861855,0.5732374013084809
141,2002,logan,222.425,0.166,0.2,-0.57,-1.246666667,29.1,32.8,33.5,37.2,16.9,18.2,23.9,27.1,15.1,18.0,13.1,16.0,10.7,13.4,13.0,15.8,18.0,22.2,21.8,26.5,14.9,18.3,17.7,22.1,10.0,8.0,18.3,21.2,16.2,23.0,17.5,22.6,25.1,29.3,24.5,28.4,0.0025814300092558066,269.94567057291664,1.1133333086967467,0.40366667310396825,1.1842541278072336
142,2003,logan,256.65,0.028166667,-0.533333333,0.33,1.023333333,19.7,23.2,23.9,27.0,11.5,8.2,16.7,19.4,12.1,16.0,12.0,15.9,9.4,10.9,11.6,14.6,15.8,21.9,20.8,27.1,13.3,15.7,14.1,17.8,5.2,0.0,12.6,15.4,16.2,20.2,15.8,20.5,24.7,33.1,24.8,32.5,0.0030255932671328385,271.35300292968753,1.318333387374878,0.16766666769981386,1.3289526070273836
143,2004,logan,235.525,0.2225,0.183333333,0.31,-0.166666667,35.2,33.3,37.9,40.3,25.1,18.9,23.6,25.2,15.6,13.5,14.8,15.6,14.8,11.8,16.3,18.1,19.4,19.1,22.6,26.0,18.1,14.3,20.2,22.6,13.7,2.8,20.3,21.4,21.6,21.3,20.4,23.0,29.2,27.8,26.4,29.0,0.0028612266915539896,270.95166829427086,0.8493333260218302,0.4773333191871643,0.9742762422934985
144,2005,logan,573.325,0.175333333,-0.683333333,0.12,-0.34,41.9,52.7,48.6,59.1,19.8,24.2,37.0,41.8,18.1,21.1,19.9,22.1,20.0,23.6,18.8,22.3,24.0,27.9,26.4,31.3,19.8,23.8,21.3,25.2,14.4,14.2,24.8,28.8,25.0,30.5,24.9,29.3,35.8,44.0,32.9,38.2,0.0031745899468660355,271.4656656901042,0.6650000090400378,0.2750000019868215,0.7196179633083114
145,2006,logan,652.125,0.122166667,0.766666667,-0.7,-0.635,37.7,53.2,44.9,57.3,21.1,26.1,31.2,40.4,21.5,25.6,18.7,22.9,19.9,25.6,18.8,23.3,32.5,42.1,34.1,41.9,24.4,29.5,24.5,30.6,11.8,13.8,23.6,29.7,27.3,36.5,26.9,33.7,46.9,56.0,39.4,46.1,0.0028993832878768445,270.5276733398437,1.0710000316301982,0.4986666679382325,1.1814015039200285
146,2007,logan,241.075,0.198166667,-0.366666667,-0.24,-0.698333333,19.6,18.8,27.9,32.0,9.1,1.0,20.0,23.4,12.1,13.3,13.0,15.2,12.2,10.3,13.3,15.6,16.8,18.2,21.2,24.7,13.6,11.6,16.5,19.6,7.8,1.0,15.8,18.9,17.3,18.9,18.0,20.8,22.4,23.1,21.2,24.5,0.002894716678808133,269.94599609375,0.856666640440623,0.3753333250681559,0.9352822235830967
147,2008,logan,343.375,0.106833333,1.516666667,0.56,-1.48,38.5,43.2,40.4,43.9,27.0,29.1,27.2,29.5,15.4,18.3,14.9,17.3,21.0,24.4,18.3,20.9,21.8,29.0,24.8,31.6,20.6,24.3,22.6,26.7,14.8,15.4,20.2,21.8,24.3,29.4,23.2,26.3,31.0,39.9,28.6,34.7,0.0026392299681901933,269.1466512044271,1.3320000171661377,0.38100000023841857,1.385418725841493
148,2009,logan,482.175,-0.063833333,1.233333333,0.13,-1.741666667,39.2,46.6,43.8,50.8,18.8,18.9,28.8,33.2,14.3,19.0,13.6,17.9,16.4,20.0,16.2,20.5,21.6,29.9,26.7,34.6,17.5,21.1,18.4,23.5,11.7,10.4,20.2,24.3,20.1,26.7,20.4,25.9,29.1,39.2,27.4,36.7,0.0028570400550961494,270.6210083007813,1.0833333134651184,0.6070000012715657,1.2417971129000878
149,2010,logan,303.975,0.116333333,-0.966666667,-0.74,-0.24,24.3,27.5,29.2,32.0,14.0,13.4,17.9,19.6,7.6,8.7,10.9,12.7,9.4,11.1,10.6,12.3,14.6,18.3,19.6,22.9,9.4,10.7,12.5,14.2,7.7,6.3,12.1,14.6,13.7,16.7,14.1,16.2,20.8,23.9,22.2,24.7,0.0027353466177980103,269.49501139322916,0.45766665041446686,0.4173333366711935,0.6193753924710842
150,2011,logan,856.825,0.158166667,2.233333333,-3.61,-1.625,39.5,54.3,46.1,58.9,22.2,30.7,35.5,44.4,24.2,30.5,23.2,29.8,23.2,31.0,23.3,28.3,30.5,40.8,35.5,44.4,23.0,31.1,30.8,35.5,14.6,18.0,28.0,34.3,29.3,39.2,29.7,37.5,42.9,55.3,40.3,49.2,0.0028328233708937965,270.4203491210938,1.1316667079925538,0.6053333302338918,1.2833931504690048
151,2012,logan,240.35,-0.035666667,1.116666667,1.14,-2.021666667,22.1,23.5,26.3,32.0,12.8,7.6,17.3,21.7,12.7,14.1,13.8,15.7,12.7,11.1,12.6,14.4,17.6,17.2,23.2,26.2,12.8,8.5,16.7,18.6,11.9,1.0,15.7,18.7,16.3,16.7,16.3,18.8,26.8,27.3,25.7,28.4,0.0027529899030923843,270.3316731770833,0.9993333200613658,0.5706666549046835,1.1507942976939767
152,2013,logan,182.675,0.151666667,0.2,-0.49,-1.198333333,18.3,17.1,24.0,26.5,8.5,4.8,16.8,18.2,11.6,11.9,12.9,14.6,11.1,11.2,14.7,16.6,15.4,16.8,21.9,24.8,10.0,8.6,14.6,16.7,6.9,0.6,15.8,17.6,14.9,17.9,17.0,20.3,18.7,21.1,20.8,24.3,0.002607689953098695,270.0776774088542,1.0979999621709189,0.23766667246818543,1.1234275072871587
153,2014,logan,318.85,0.032833333,0.216666667,-0.16,-0.745,28.1,36.8,27.9,34.9,14.5,13.7,19.1,24.5,18.3,23.9,16.1,20.6,13.5,19.2,15.0,19.2,19.0,26.9,21.5,29.5,20.7,24.4,20.0,24.6,7.7,6.8,15.9,21.4,21.0,27.9,19.6,25.4,34.7,46.9,29.6,38.4,0.0027763933253784974,270.1563395182291,1.4803333520889284,0.2819999913374583,1.5069541560449573
154,2015,logan,247.6,0.023833333,-0.566666667,0.53,1.5,16.2,10.1,18.0,20.9,5.5,0.2,12.2,14.5,12.2,10.4,10.6,12.0,7.7,7.2,10.4,12.4,19.5,18.0,18.3,20.6,13.0,6.5,13.5,15.5,1.4,0.0,10.0,11.7,15.9,15.4,15.2,17.4,26.5,25.4,23.4,26.8,0.0030853700824081897,272.6206909179687,0.7493332982063293,0.28766666452089945,0.8026534131724324
155,2016,logan,356.6,0.196833333,-1.183333333,1.93,0.815,27.3,33.3,25.5,31.7,13.3,11.2,18.6,22.1,14.6,18.8,14.3,19.1,15.8,21.2,15.9,21.2,19.7,28.3,20.0,28.2,17.7,22.1,18.6,23.7,8.1,5.0,14.9,19.8,20.2,28.3,20.5,27.3,27.0,37.6,26.9,36.4,0.0030388299686213336,270.840673828125,0.7956666707992553,0.38599999745686847,0.8843536900230999
156,2017,logan,766.625,0.265166667,0.15,0.41,0.196666667,57.5,52.7,60.3,63.6,29.5,17.5,47.4,50.1,28.5,31.7,28.1,33.6,28.2,29.3,26.3,30.7,37.5,42.9,43.0,49.2,29.4,30.1,32.2,37.1,19.3,7.8,35.4,39.2,31.8,35.6,33.0,38.4,48.1,51.1,57.3,66.3,0.0030522234116991363,270.12767333984374,0.3643333315849304,0.8796666701634724,0.9521303624505766
157,2018,logan,309.7,0.23,0.633333333,0.37,-0.281666667,13.6,18.6,16.5,22.3,4.7,1.1,16.5,21.2,12.4,14.8,12.8,15.6,10.0,14.0,11.9,16.0,19.5,24.5,18.6,23.7,11.2,13.5,14.3,17.8,4.9,3.5,11.9,16.6,15.6,21.4,15.5,21.1,24.2,28.9,24.7,30.6,0.0028296800019840403,271.29432779947916,1.4266666968663533,0.27500000099341076,1.4529290638203667
158,2019,logan,410.075,0.0025,-0.066666667,0.74,-0.486666667,35.4,46.9,38.6,51.0,21.0,25.8,27.2,34.7,18.0,23.3,18.6,22.7,19.5,25.7,19.1,24.1,20.5,25.5,25.0,29.6,20.3,25.8,24.1,28.8,14.9,16.1,21.4,26.7,24.4,32.4,24.1,30.4,29.3,36.3,31.1,35.6,0.002783333323895931,269.5253458658854,0.3433332934975624,0.4810000081857045,0.5909642614393286
159,2020,logan,326.7,0.186166667,-0.3,-0.65,-1.005,25.6,30.4,24.9,29.7,15.9,12.0,16.8,20.1,16.2,19.4,14.8,18.4,16.6,21.1,15.0,18.9,22.4,28.1,22.6,27.8,15.5,19.1,17.9,22.8,10.9,6.5,12.7,16.1,22.8,29.4,20.2,25.9,33.1,39.7,30.1,36.5,0.0026828200245896973,269.68666585286456,0.8226666755974293,0.4050000111262004,0.9169544526042438
160,1981,oak,39.125,-0.154666667,-0.25,-1.08,0.94,0.0,0.0,4.9,10.5,1.3,2.8,7.3,12.8,1.2,1.0,6.8,12.4,0.0,0.0,0.0,0.0,0.0,0.0,0.0,0.0,0.0,0.0,0.0,0.0,0.0,0.0,0.0,0.0,0.0,0.0,0.0,0.0,0.0,0.0,0.0,0.0,0.003562722251647048,281.00584581163196,0.18361112144258288,0.2847221973869536,0.3387916374444007
161,1982,oak,36.775,-0.1025,0.4,-0.88,0.098333333,8.2,2.9,15.7,23.5,10.2,10.6,18.7,27.4,8.0,3.1,16.6,23.8,0.0,0.0,0.0,0.0,0.0,0.0,0.0,0.0,0.0,0.0,0.0,0.0,0.0,0.0,0.0,0.0,0.0,0.0,0.0,0.0,0.0,0.0,0.0,0.0,0.004101133284469445,279.28167385525177,0.608333348400063,0.9475000086757871,1.125977677050593
162,1983,oak,106.375,-0.256166667,-2.666666667,1.44,0.468333333,11.3,9.2,20.8,27.1,13.3,15.6,23.8,32.1,7.7,7.1,19.0,25.1,0.0,0.0,0.0,0.0,0.0,0.0,0.0,0.0,0.0,0.0,0.0,0.0,0.0,0.0,0.0,0.0,0.0,0.0,0.0,0.0,0.0,0.0,0.0,0.0,0.003959888902803262,278.3558485243056,0.25638889935281545,0.5494444668292999,0.6063204514451758
163,1984,oak,21.35,-0.1205,0.2,0.47,1.3,0.0,0.0,8.1,8.9,0.0,0.0,10.6,11.7,0.0,0.0,9.0,9.4,0.0,0.0,0.0,0.0,0.0,0.0,0.0,0.0,0.0,0.0,0.0,0.0,0.0,0.0,0.0,0.0,0.0,0.0,0.0,0.0,0.0,0.0,0.0,0.0,0.004096249972159664,279.743893093533,0.6047222034798728,0.2944444401396646,0.6725968121473022
164,1985,oak,67.575,-0.362666667,0.266666667,0.79,0.41,11.3,2.7,18.3,21.3,11.5,8.3,18.5,23.5,12.7,4.0,20.1,21.8,0.0,0.0,0.0,0.0,0.0,0.0,0.0,0.0,0.0,0.0,0.0,0.0,0.0,0.0,0.0,0.0,0.0,0.0,0.0,0.0,0.0,0.0,0.0,0.0,0.004002527799457312,277.6927727593316,0.3677777747313182,0.8938888576295642,0.9665908034843945
165,1986,oak,51.725,-0.306666667,0.016666667,-1.29,0.668333333,0.0,0.0,12.7,17.6,0.0,0.0,12.7,17.1,0.0,0.0,11.2,14.9,0.0,0.0,0.0,0.0,0.0,0.0,0.0,0.0,0.0,0.0,0.0,0.0,0.0,0.0,0.0,0.0,0.0,0.0,0.0,0.0,0.0,0.0,0.0,0.0,0.00433911672896809,280.3541700575087,0.36250001192092896,0.7072222563955518,0.794713519819494
166,1987,oak,33.675,-0.278166667,-0.866666667,1.28,1.445,8.9,6.5,13.1,16.3,5.3,5.7,15.6,18.3,6.9,7.0,12.8,16.1,0.0,0.0,0.0,0.0,0.0,0.0,0.0,0.0,0.0,0.0,0.0,0.0,0.0,0.0,0.0,0.0,0.0,0.0,0.0,0.0,0.0,0.0,0.0,0.0,0.003879055432561371,278.6041734483507,0.11166666282547844,0.2052777757247289,0.23368442137436374
167,1988,oak,74.725,-0.034333333,-0.133333333,-1.19,0.623333333,4.0,0.0,17.8,17.8,3.4,0.0,15.9,16.1,4.0,0.0,16.6,17.1,0.0,0.0,0.0,0.0,0.0,0.0,0.0,0.0,0.0,0.0,0.0,0.0,0.0,0.0,0.0,0.0,0.0,0.0,0.0,0.0,0.0,0.0,0.0,0.0,0.0037876165782411886,279.4311184353299,0.16777778334087792,-0.028888889484935325,0.17024674011108518
168,1989,oak,21.575,-0.198166667,1.35,0.12,-0.748333333,4.0,0.0,9.9,13.1,4.1,0.0,11.3,14.0,3.4,0.0,8.4,11.0,0.0,0.0,0.0,0.0,0.0,0.0,0.0,0.0,0.0,0.0,0.0,0.0,0.0,0.0,0.0,0.0,0.0,0.0,0.0,0.0,0.0,0.0,0.0,0.0,0.0038493055229385695,279.64390055338544,0.41694443755679655,0.6241666881574525,0.750617558157945
169,1990,oak,24.375,-0.190666667,-0.366666667,2.21,-0.718333333,6.9,0.0,9.4,12.3,4.3,0.5,9.0,12.7,6.3,0.8,11.1,13.6,0.0,0.0,0.0,0.0,0.0,0.0,0.0,0.0,0.0,0.0,0.0,0.0,0.0,0.0,0.0,0.0,0.0,0.0,0.0,0.0,0.0,0.0,0.0,0.0,0.0033396776869065235,279.38777330186633,0.4155555657214589,0.5011111067401038,0.6509982868643922
170,1991,oak,86.6,-0.0735,-0.033333333,2.48,-1.543333333,2.1,7.0,8.2,16.8,2.6,10.5,11.0,20.5,2.3,8.2,8.5,17.7,0.0,0.0,0.0,0.0,0.0,0.0,0.0,0.0,0.0,0.0,0.0,0.0,0.0,0.0,0.0,0.0,0.0,0.0,0.0,0.0,0.0,0.0,0.0,0.0,0.0036061110181940925,278.93528238932294,0.31666666848791974,0.5594444374243418,0.6428497938836695
171,1992,oak,43.575,-0.200666667,-1.55,0.95,0.188333333,9.8,6.0,16.7,23.2,9.2,8.6,17.3,22.8,6.2,5.6,16.3,24.0,0.0,0.0,0.0,0.0,0.0,0.0,0.0,0.0,0.0,0.0,0.0,0.0,0.0,0.0,0.0,0.0,0.0,0.0,0.0,0.0,0.0,0.0,0.0,0.0,0.004183938882003228,279.5208333333333,-0.03500002291467454,0.3255555356542269,0.3274315323837006
172,1993,oak,28.325,-0.280666667,-0.8,1.65,0.483333333,14.8,4.2,32.0,34.5,16.7,7.5,36.5,39.2,13.1,2.7,33.3,36.1,0.0,0.0,0.0,0.0,0.0,0.0,0.0,0.0,0.0,0.0,0.0,0.0,0.0,0.0,0.0,0.0,0.0,0.0,0.0,0.0,0.0,0.0,0.0,0.0,0.004250961148904429,279.0716620551215,0.43416666984558105,0.986666672759586,1.077966520973297
173,1994,oak,29.25,-0.3065,-0.25,0.66,0.76,7.4,0.0,11.0,13.7,4.7,0.2,14.1,16.3,3.9,0.0,12.0,14.7,0.0,0.0,0.0,0.0,0.0,0.0,0.0,0.0,0.0,0.0,0.0,0.0,0.0,0.0,0.0,0.0,0.0,0.0,0.0,0.0,0.0,0.0,0.0,0.0,0.0037515388491253057,279.55917697482636,0.2833333404527771,0.44888888465033644,0.5308286094162148
174,1995,oak,52.425,-0.059833333,-0.433333333,1.33,-0.931666667,8.4,0.1,24.6,31.9,7.5,0.0,23.0,29.3,4.3,0.0,21.2,27.2,0.0,0.0,0.0,0.0,0.0,0.0,0.0,0.0,0.0,0.0,0.0,0.0,0.0,0.0,0.0,0.0,0.0,0.0,0.0,0.0,0.0,0.0,0.0,0.0,0.00428315567680531,279.30555216471356,0.40722224530246526,1.1980555554231007,1.265372305271984
175,1996,oak,18.25,0.010666667,0.316666667,-0.79,0.666666667,1.9,0.0,4.5,5.6,1.9,0.0,6.1,7.6,1.9,0.0,3.7,5.0,0.0,0.0,0.0,0.0,0.0,0.0,0.0,0.0,0.0,0.0,0.0,0.0,0.0,0.0,0.0,0.0,0.0,0.0,0.0,0.0,0.0,0.0,0.0,0.0,0.0035494777063528695,281.5513882107205,0.7458333373069763,0.6066666593154272,0.961411359701664
176,1997,oak,46.825,-0.117333333,0.533333333,-1.08,0.311666667,7.1,0.0,13.9,14.1,9.2,0.2,15.8,17.1,6.3,0.0,12.9,13.4,0.0,0.0,0.0,0.0,0.0,0.0,0.0,0.0,0.0,0.0,0.0,0.0,0.0,0.0,0.0,0.0,0.0,0.0,0.0,0.0,0.0,0.0,0.0,0.0,0.0037427611338595556,280.30360921223956,0.5444444451067182,0.6677777899636164,0.8615955725143056
177,1998,oak,126.7,0.161,-1.8,0.02,1.351666667,10.8,9.1,15.7,21.8,12.2,12.1,17.2,24.8,8.9,5.6,12.7,17.8,0.0,0.0,0.0,0.0,0.0,0.0,0.0,0.0,0.0,0.0,0.0,0.0,0.0,0.0,0.0,0.0,0.0,0.0,0.0,0.0,0.0,0.0,0.0,0.0,0.004009622252649731,279.0544569227431,0.6627777814865112,1.0613888965712654,1.2513276059437632
178,1999,oak,43.075,0.173833333,1.266666667,-0.27,-1.218333333,0.0,0.0,8.7,9.4,0.0,0.0,10.5,11.8,0.0,0.0,8.5,8.7,0.0,0.0,0.0,0.0,0.0,0.0,0.0,0.0,0.0,0.0,0.0,0.0,0.0,0.0,0.0,0.0,0.0,0.0,0.0,0.0,0.0,0.0,0.0,0.0,0.0035520112141966815,280.30390760633685,0.5211111108462015,1.0955554909176295,1.213177078388448
179,2000,oak,25.775,-0.0245,1.183333333,0.57,-1.796666667,1.8,0.2,4.7,9.9,0.3,0.5,3.5,8.8,0.7,0.0,4.8,9.5,0.0,0.0,0.0,0.0,0.0,0.0,0.0,0.0,0.0,0.0,0.0,0.0,0.0,0.0,0.0,0.0,0.0,0.0,0.0,0.0,0.0,0.0,0.0,0.0,0.0032223777897242042,281.33860270182294,0.4661111417743895,0.5502777894337972,0.7211554908827718
180,2001,oak,35.375,-0.079,1.216666667,0.65,-0.431666667,7.7,0.0,13.8,16.2,3.7,0.0,15.8,18.0,2.9,0.0,12.6,15.5,0.0,0.0,0.0,0.0,0.0,0.0,0.0,0.0,0.0,0.0,0.0,0.0,0.0,0.0,0.0,0.0,0.0,0.0,0.0,0.0,0.0,0.0,0.0,0.0,0.0038767221590711013,279.0688849555122,0.30583333637979293,0.7811110814412435,0.8388495402582662
181,2002,oak,24.85,0.166,0.2,-0.57,-1.246666667,0.4,0.0,4.4,5.2,0.0,0.0,5.2,6.3,0.0,0.0,4.2,4.6,0.0,0.0,0.0,0.0,0.0,0.0,0.0,0.0,0.0,0.0,0.0,0.0,0.0,0.0,0.0,0.0,0.0,0.0,0.0,0.0,0.0,0.0,0.0,0.0,0.003269838971189327,280.2536044650608,0.41666665342119,0.40777774651845305,0.5830041085866221
182,2003,oak,23.575,0.028166667,-0.533333333,0.33,1.023333333,2.9,0.0,12.9,19.2,3.1,0.1,14.4,18.9,2.7,0.0,8.3,12.2,0.0,0.0,0.0,0.0,0.0,0.0,0.0,0.0,0.0,0.0,0.0,0.0,0.0,0.0,0.0,0.0,0.0,0.0,0.0,0.0,0.0,0.0,0.0,0.0,0.003814788897418314,280.3880513509115,0.3908333480358124,0.5791666689846251,0.6987021800449951
183,2004,oak,28.45,0.2225,0.183333333,0.31,-0.166666667,7.1,0.1,11.7,13.1,6.9,1.9,10.0,12.0,3.3,0.0,7.8,8.9,0.0,0.0,0.0,0.0,0.0,0.0,0.0,0.0,0.0,0.0,0.0,0.0,0.0,0.0,0.0,0.0,0.0,0.0,0.0,0.0,0.0,0.0,0.0,0.0,0.0037934333603415224,280.66195000542535,0.26750000483459896,0.7188888920678033,0.7670446478041445
184,2005,oak,49.125,0.175333333,-0.683333333,0.12,-0.34,13.4,6.6,33.2,37.4,11.3,8.8,32.1,35.4,5.9,0.0,30.3,33.9,0.0,0.0,0.0,0.0,0.0,0.0,0.0,0.0,0.0,0.0,0.0,0.0,0.0,0.0,0.0,0.0,0.0,0.0,0.0,0.0,0.0,0.0,0.0,0.0,0.0044988055403033895,279.4744466145833,0.26972223238812554,1.262499988079071,1.290990434722151
185,2006,oak,29.625,0.122166667,0.766666667,-0.7,-0.635,0.0,0.0,2.9,7.9,0.0,1.6,1.9,6.4,0.0,0.0,3.1,8.5,0.0,0.0,0.0,0.0,0.0,0.0,0.0,0.0,0.0,0.0,0.0,0.0,0.0,0.0,0.0,0.0,0.0,0.0,0.0,0.0,0.0,0.0,0.0,0.0,0.0033798389292011657,280.5366685655382,0.34805556469493437,0.9897222055329218,1.0491390376113456
186,2007,oak,26.575,0.198166667,-0.366666667,-0.24,-0.698333333,4.8,0.0,6.3,7.9,4.2,0.0,7.8,9.1,0.0,0.0,4.0,5.1,0.0,0.0,0.0,0.0,0.0,0.0,0.0,0.0,0.0,0.0,0.0,0.0,0.0,0.0,0.0,0.0,0.0,0.0,0.0,0.0,0.0,0.0,0.0,0.0,0.003625144561131796,279.9075012207031,0.24750000569555497,0.6191666920979818,0.6668010538555385
187,2008,oak,26.5,0.106833333,1.516666667,0.56,-1.48,13.4,0.0,21.7,22.3,13.0,2.8,26.0,26.7,8.6,0.0,19.4,19.9,0.0,0.0,0.0,0.0,0.0,0.0,0.0,0.0,0.0,0.0,0.0,0.0,0.0,0.0,0.0,0.0,0.0,0.0,0.0,0.0,0.0,0.0,0.0,0.0,0.003533594517244233,279.4550001356337,0.3513888931936688,0.6325000077486037,0.7235540159945595
188,2009,oak,26.025,-0.063833333,1.233333333,0.13,-1.741666667,11.4,0.0,15.3,15.5,7.6,0.0,17.2,17.4,3.7,0.0,14.3,14.5,0.0,0.0,0.0,0.0,0.0,0.0,0.0,0.0,0.0,0.0,0.0,0.0,0.0,0.0,0.0,0.0,0.0,0.0,0.0,0.0,0.0,0.0,0.0,0.0,0.003180427838944726,280.79833984375,0.3994444623175594,0.790277769582139,0.8854912938995417
189,2010,oak,77.35,0.116333333,-0.966666667,-0.74,-0.24,17.9,11.1,19.6,23.1,18.7,16.6,21.9,25.5,12.7,6.5,18.4,21.6,0.0,0.0,0.0,0.0,0.0,0.0,0.0,0.0,0.0,0.0,0.0,0.0,0.0,0.0,0.0,0.0,0.0,0.0,0.0,0.0,0.0,0.0,0.0,0.0,0.0033660610206425186,279.46417914496527,0.2174999953971969,0.6441666641169124,0.6798948000663718
190,2011,oak,27.95,0.158166667,2.233333333,-3.61,-1.625,9.1,0.0,17.2,18.8,5.4,0.0,15.5,17.0,4.2,0.0,16.8,18.8,0.0,0.0,0.0,0.0,0.0,0.0,0.0,0.0,0.0,0.0,0.0,0.0,0.0,0.0,0.0,0.0,0.0,0.0,0.0,0.0,0.0,0.0,0.0,0.0,0.0035639111366536883,279.7777845594618,0.35194443994098235,0.6633333100212946,0.7509167523695145
191,2012,oak,27.525,-0.035666667,1.116666667,1.14,-2.021666667,5.8,0.0,9.2,12.2,1.3,0.0,11.2,14.2,1.0,0.0,7.9,11.3,0.0,0.0,0.0,0.0,0.0,0.0,0.0,0.0,0.0,0.0,0.0,0.0,0.0,0.0,0.0,0.0,0.0,0.0,0.0,0.0,0.0,0.0,0.0,0.0,0.0031981722244785894,280.12028672960065,0.22777778075801003,0.48166669739617235,0.5328090884994173
192,2013,oak,24.825,0.151666667,0.2,-0.49,-1.198333333,5.0,0.0,11.5,13.3,5.0,0.0,14.9,16.8,2.6,0.0,12.7,14.0,0.0,0.0,0.0,0.0,0.0,0.0,0.0,0.0,0.0,0.0,0.0,0.0,0.0,0.0,0.0,0.0,0.0,0.0,0.0,0.0,0.0,0.0,0.0,0.0,0.003307433281507757,280.23334079318573,0.4044444345765643,0.3102777865197924,0.5097524943220766
193,2014,oak,25.925,0.032833333,0.216666667,-0.16,-0.745,0.4,0.0,6.7,8.1,0.2,0.0,7.9,11.0,0.3,0.0,4.9,6.2,0.0,0.0,0.0,0.0,0.0,0.0,0.0,0.0,0.0,0.0,0.0,0.0,0.0,0.0,0.0,0.0,0.0,0.0,0.0,0.0,0.0,0.0,0.0,0.0,0.003548411186784506,280.70249769422736,0.3347222374545203,0.1938889225323995,0.3868228154172593
194,2015,oak,30.55,0.023833333,-0.566666667,0.53,1.5,1.5,0.0,10.3,14.4,2.0,0.0,11.1,14.6,0.6,0.0,7.2,11.5,0.0,0.0,0.0,0.0,0.0,0.0,0.0,0.0,0.0,0.0,0.0,0.0,0.0,0.0,0.0,0.0,0.0,0.0,0.0,0.0,0.0,0.0,0.0,0.0,0.004299838872005542,282.1425204806858,0.24055555462837222,0.09222221374511717,0.2576274666463455
195,2016,oak,29.0,0.196833333,-1.183333333,1.93,0.815,3.2,0.0,13.6,13.8,0.0,0.0,18.7,19.4,0.0,0.0,10.5,10.8,0.0,0.0,0.0,0.0,0.0,0.0,0.0,0.0,0.0,0.0,0.0,0.0,0.0,0.0,0.0,0.0,0.0,0.0,0.0,0.0,0.0,0.0,0.0,0.0,0.003914983425703314,279.88584391276044,0.16361111485295826,0.07361110382609896,0.17940789143715116
196,2017,oak,31.925,0.265166667,0.15,0.41,0.196666667,10.3,0.0,22.3,24.0,7.2,0.0,25.0,26.8,3.2,0.0,19.6,20.8,0.0,0.0,0.0,0.0,0.0,0.0,0.0,0.0,0.0,0.0,0.0,0.0,0.0,0.0,0.0,0.0,0.0,0.0,0.0,0.0,0.0,0.0,0.0,0.0,0.004546216585569912,280.2450052897135,0.2349999944368998,0.8913888666364883,0.9218454908219847
197,2018,oak,27.25,0.23,0.633333333,0.37,-0.281666667,4.3,0.0,5.9,7.6,1.9,0.0,5.3,6.7,0.4,0.0,3.2,5.2,0.0,0.0,0.0,0.0,0.0,0.0,0.0,0.0,0.0,0.0,0.0,0.0,0.0,0.0,0.0,0.0,0.0,0.0,0.0,0.0,0.0,0.0,0.0,0.0,0.0034174444153904915,282.38360934787323,0.4599999984105428,0.7483333018090988,0.8784092036939317
198,2019,oak,25.575,0.0025,-0.066666667,0.74,-0.486666667,9.3,0.0,19.8,23.2,6.1,0.3,24.2,28.0,5.5,0.0,19.0,22.5,0.0,0.0,0.0,0.0,0.0,0.0,0.0,0.0,0.0,0.0,0.0,0.0,0.0,0.0,0.0,0.0,0.0,0.0,0.0,0.0,0.0,0.0,0.0,0.0,0.004089333168748352,279.4888983832465,0.2888888733254538,0.8894443809986115,0.9351834515330418
199,2020,oak,31.7,0.186166667,-0.3,-0.65,-1.005,8.0,0.6,14.7,21.2,0.7,0.0,15.2,20.9,0.3,0.0,12.1,17.7,0.0,0.0,0.0,0.0,0.0,0.0,0.0,0.0,0.0,0.0,0.0,0.0,0.0,0.0,0.0,0.0,0.0,0.0,0.0,0.0,0.0,0.0,0.0,0.0,0.0037316444536878005,279.7555541992188,0.0025000174840291156,0.5858333739969466,0.5858387083285524
